[2025-04-12T17:38:09.139Z] Action: LOGIN_FAILED
[2025-04-12T17:38:19.272Z] Action: LOGIN_FAILED
[2025-04-12T17:38:29.391Z] Action: LOGIN_FAILED
[2025-04-12T17:38:39.509Z] Action: LOGIN_FAILED
[2025-04-12T17:38:49.642Z] Action: LOGIN_FAILED
[2025-04-12T17:38:59.759Z] Action: LOGIN_FAILED
[2025-04-12T17:39:06.666Z] Action: HOLD
[2025-04-12T17:39:16.949Z] Action: HOLD
[2025-04-12T17:39:27.198Z] Action: HOLD
[2025-04-12T17:39:37.499Z] Action: HOLD
[2025-04-12T17:39:47.700Z] Action: HOLD
[2025-04-12T17:39:55.614Z] Action: HOLD
[2025-04-12T17:40:00.820Z] Action: HOLD
[2025-04-12T17:40:06.392Z] Action: HOLD
[2025-04-12T17:40:11.710Z] Action: HOLD
[2025-04-12T17:40:16.921Z] Action: HOLD
[2025-04-12T17:40:22.084Z] Action: HOLD
[2025-04-12T17:40:27.281Z] Action: HOLD
[2025-04-12T17:40:32.473Z] Action: HOLD
[2025-04-12T17:40:37.676Z] Action: HOLD
[2025-04-12T17:40:42.875Z] Action: HOLD
[2025-04-12T17:40:48.157Z] Action: HOLD
[2025-04-12T17:40:53.373Z] Action: HOLD
[2025-04-12T17:40:58.576Z] Action: HOLD
[2025-04-12T17:41:03.753Z] Action: HOLD
[2025-04-12T17:41:08.931Z] Action: HOLD
[2025-04-12T17:41:14.145Z] Action: HOLD
[2025-04-12T17:41:19.395Z] Action: HOLD
[2025-04-12T17:41:45.328Z] Action: HOLD
[2025-04-12T17:41:50.514Z] Action: HOLD
[2025-04-12T17:41:55.712Z] Action: HOLD
[2025-04-12T17:42:00.965Z] Action: HOLD
[2025-04-12T17:42:06.271Z] Action: HOLD
[2025-04-12T17:42:11.627Z] Action: HOLD
[2025-04-12T17:42:16.794Z] Action: HOLD
[2025-04-12T17:42:22.446Z] Action: HOLD
[2025-04-12T17:42:29.134Z] Action: HOLD
[2025-04-12T17:42:34.311Z] Action: HOLD
[2025-04-12T17:42:39.490Z] Action: HOLD
[2025-04-12T17:42:44.707Z] Action: HOLD
[2025-04-12T17:42:48.641Z] Action: LOGIN_FAILED
[2025-04-12T17:42:58.772Z] Action: LOGIN_FAILED
[2025-04-12T17:43:03.178Z] Action: HOLD
[2025-04-12T17:43:13.368Z] Action: HOLD
[2025-04-12T17:43:23.833Z] Action: HOLD
[2025-04-12T17:43:34.030Z] Action: HOLD
[2025-04-12T17:43:44.205Z] Action: HOLD
[2025-04-12T17:43:54.388Z] Action: HOLD
[2025-04-12T17:44:04.608Z] Action: HOLD
[2025-04-12T17:44:14.796Z] Action: HOLD
[2025-04-12T17:44:25.127Z] Action: HOLD
[2025-04-12T17:44:35.317Z] Action: HOLD
[2025-04-12T17:44:45.477Z] Action: HOLD
[2025-04-12T17:44:55.696Z] Action: HOLD
[2025-04-12T17:45:05.927Z] Action: HOLD
[2025-04-12T17:45:16.117Z] Action: HOLD
[2025-04-12T17:45:26.355Z] Action: HOLD
[2025-04-12T17:45:36.578Z] Action: HOLD
[2025-04-12T17:45:46.814Z] Action: HOLD
[2025-04-12T17:45:57.020Z] Action: HOLD
[2025-04-12T17:46:07.189Z] Action: HOLD
[2025-04-12T17:46:17.447Z] Action: HOLD
[2025-04-12T17:46:27.648Z] Action: HOLD
[2025-04-12T17:46:55.822Z] Action: HOLD
[2025-04-12T17:47:05.984Z] Action: HOLD
[2025-04-12T17:47:16.144Z] Action: HOLD
[2025-04-12T17:47:26.315Z] Action: HOLD
[2025-04-12T17:47:36.798Z] Action: HOLD
[2025-04-12T17:47:46.972Z] Action: HOLD
[2025-04-12T17:47:57.199Z] Action: HOLD
[2025-04-12T17:48:07.368Z] Action: HOLD
[2025-04-12T17:48:17.577Z] Action: HOLD
[2025-04-12T17:48:27.799Z] Action: HOLD
[2025-04-12T17:48:38.024Z] Action: HOLD
[2025-04-12T17:48:48.259Z] Action: HOLD
[2025-04-12T17:48:58.471Z] Action: HOLD
[2025-04-12T17:49:08.646Z] Action: HOLD
[2025-04-12T17:49:18.865Z] Action: HOLD
[2025-04-12T17:49:29.028Z] Action: HOLD
[2025-04-12T17:49:39.292Z] Action: HOLD
[2025-04-12T17:49:49.552Z] Action: HOLD
[2025-04-12T17:49:59.838Z] Action: HOLD
[2025-04-12T17:50:10.093Z] Action: HOLD
[2025-04-12T17:50:20.270Z] Action: HOLD
[2025-04-12T17:50:30.555Z] Action: HOLD
[2025-04-12T17:50:40.750Z] Action: HOLD
[2025-04-12T17:50:50.921Z] Action: HOLD
[2025-04-12T17:53:43.595Z] Action: HOLD
[2025-04-12T17:53:53.797Z] Action: HOLD
[2025-04-12T17:54:04.001Z] Action: HOLD
[2025-04-12T17:54:14.256Z] Action: HOLD
[2025-04-12T17:54:24.504Z] Action: HOLD
[2025-04-12T17:54:34.675Z] Action: HOLD
[2025-04-12T17:54:44.999Z] Action: HOLD
[2025-04-12T17:54:55.200Z] Action: HOLD
[2025-04-12T17:55:05.410Z] Action: HOLD
[2025-04-12T17:55:15.570Z] Action: HOLD
[2025-04-12T17:55:28.118Z] Action: HOLD
[2025-04-12T17:55:38.347Z] Action: HOLD
[2025-04-12T17:55:48.575Z] Action: HOLD
[2025-04-12T17:55:58.742Z] Action: HOLD
[2025-04-12T17:56:08.951Z] Action: HOLD
[2025-04-12T17:56:28.110Z] Action: HOLD
[2025-04-12T17:56:38.339Z] Action: HOLD
[2025-04-12T17:56:48.514Z] Action: HOLD
[2025-04-12T17:56:58.771Z] Action: HOLD
[2025-04-12T17:57:08.954Z] Action: HOLD
[2025-04-12T17:57:19.185Z] Action: HOLD
[2025-04-12T17:58:59.528Z] Action: NO_CURRENT_DATA
[2025-04-12T17:59:09.817Z] Action: NO_CURRENT_DATA
[2025-04-12T17:59:20.048Z] Action: NO_CURRENT_DATA
[2025-04-12T17:59:30.275Z] Action: NO_CURRENT_DATA
[2025-04-12T17:59:40.810Z] Action: NO_CURRENT_DATA
[2025-04-12T17:59:51.043Z] Action: NO_CURRENT_DATA
[2025-04-12T18:01:34.993Z] Action: HOLD
[2025-04-12T18:01:45.211Z] Action: HOLD
[2025-04-12T18:01:55.453Z] Action: HOLD
[2025-04-12T18:02:05.679Z] Action: HOLD
[2025-04-12T18:02:15.888Z] Action: HOLD
[2025-04-12T18:02:26.174Z] Action: HOLD
[2025-04-12T18:02:32.542Z] Action: HOLD
[2025-04-12T18:02:42.808Z] Action: HOLD
[2025-04-12T18:02:53.094Z] Action: HOLD
[2025-04-12T18:03:03.313Z] Action: HOLD
[2025-04-12T18:03:13.742Z] Action: HOLD
[2025-04-12T18:03:23.994Z] Action: HOLD
[2025-04-12T18:03:34.231Z] Action: HOLD
[2025-04-12T18:03:47.172Z] Action: HOLD
[2025-04-12T18:03:57.484Z] Action: HOLD
[2025-04-12T18:04:07.684Z] Action: HOLD
[2025-04-12T18:04:17.968Z] Action: HOLD
[2025-04-12T18:04:28.319Z] Action: HOLD
[2025-04-12T18:04:38.609Z] Action: HOLD
[2025-04-12T18:04:48.830Z] Action: HOLD
[2025-04-12T18:04:59.055Z] Action: HOLD
[2025-04-12T18:05:09.299Z] Action: HOLD
[2025-04-12T18:05:19.559Z] Action: HOLD
[2025-04-12T18:05:29.919Z] Action: HOLD
[2025-04-12T18:05:40.212Z] Action: HOLD
[2025-04-12T18:05:50.446Z] Action: HOLD
[2025-04-12T18:06:00.644Z] Action: HOLD
[2025-04-12T18:06:10.908Z] Action: HOLD
[2025-04-12T18:06:21.134Z] Action: HOLD
[2025-04-12T18:06:31.413Z] Action: HOLD
[2025-04-12T18:06:41.726Z] Action: HOLD
[2025-04-12T18:06:52.004Z] Action: HOLD
[2025-04-12T18:07:02.435Z] Action: HOLD
[2025-04-12T18:07:12.716Z] Action: HOLD
[2025-04-12T18:07:22.995Z] Action: HOLD
[2025-04-12T18:07:33.234Z] Action: HOLD
[2025-04-12T18:07:43.750Z] Action: HOLD
[2025-04-12T18:07:53.997Z] Action: HOLD
[2025-04-12T18:08:04.501Z] Action: HOLD
[2025-04-12T18:08:14.751Z] Action: HOLD
[2025-04-12T18:08:25.177Z] Action: HOLD
[2025-04-12T18:08:35.441Z] Action: HOLD
[2025-04-12T18:08:45.739Z] Action: HOLD
[2025-04-12T18:08:56.198Z] Action: HOLD
[2025-04-12T18:09:06.450Z] Action: HOLD
[2025-04-12T18:09:16.669Z] Action: HOLD
[2025-04-12T18:09:26.894Z] Action: HOLD
[2025-04-12T18:09:37.192Z] Action: HOLD
[2025-04-12T18:09:47.499Z] Action: HOLD
[2025-04-12T18:09:57.837Z] Action: HOLD
[2025-04-12T18:10:08.146Z] Action: HOLD
[2025-04-12T18:10:18.664Z] Action: HOLD
[2025-04-12T18:10:28.880Z] Action: HOLD
[2025-04-12T18:10:39.164Z] Action: HOLD
[2025-04-12T18:10:49.403Z] Action: HOLD
[2025-04-12T18:10:59.620Z] Action: HOLD
[2025-04-12T18:11:09.870Z] Action: HOLD
[2025-04-12T18:11:20.119Z] Action: HOLD
[2025-04-12T18:11:30.366Z] Action: HOLD
[2025-04-12T18:11:40.586Z] Action: HOLD
[2025-04-12T18:11:50.807Z] Action: HOLD
[2025-04-12T18:12:01.842Z] Action: HOLD
[2025-04-12T18:12:12.084Z] Action: HOLD
[2025-04-12T18:12:22.402Z] Action: HOLD
[2025-04-12T18:12:32.707Z] Action: HOLD
[2025-04-12T18:12:42.926Z] Action: HOLD
[2025-04-12T18:12:53.218Z] Action: HOLD
[2025-04-12T18:13:03.428Z] Action: HOLD
[2025-04-12T18:13:13.649Z] Action: HOLD
[2025-04-12T18:13:23.867Z] Action: HOLD
[2025-04-12T18:13:34.137Z] Action: HOLD
[2025-04-12T18:13:44.392Z] Action: HOLD
[2025-04-12T18:13:54.653Z] Action: HOLD
[2025-04-12T18:14:05.238Z] Action: HOLD
[2025-04-12T18:14:15.638Z] Action: HOLD
[2025-04-12T18:14:25.885Z] Action: HOLD
[2025-04-12T18:14:36.130Z] Action: HOLD
[2025-04-12T18:14:46.398Z] Action: HOLD
[2025-04-12T18:14:52.737Z] Action: HOLD
[2025-04-12T18:15:03.192Z] Action: HOLD
[2025-04-12T18:15:13.409Z] Action: HOLD
[2025-04-12T18:15:23.598Z] Action: HOLD
[2025-04-12T18:15:33.824Z] Action: HOLD
[2025-04-12T18:15:44.080Z] Action: HOLD
[2025-04-12T18:15:54.424Z] Action: HOLD
[2025-04-12T18:16:04.659Z] Action: HOLD
[2025-04-12T18:16:14.911Z] Action: HOLD
[2025-04-12T18:16:25.170Z] Action: HOLD
[2025-04-12T18:16:35.366Z] Action: HOLD
[2025-04-12T18:16:45.579Z] Action: HOLD
[2025-04-12T18:16:55.811Z] Action: HOLD
[2025-04-12T18:17:06.050Z] Action: HOLD
[2025-04-12T18:17:16.619Z] Action: HOLD
[2025-04-12T18:17:26.860Z] Action: HOLD
[2025-04-12T18:17:37.093Z] Action: HOLD
[2025-04-12T18:17:47.359Z] Action: HOLD
[2025-04-12T18:17:57.640Z] Action: HOLD
[2025-04-12T18:18:07.839Z] Action: HOLD
[2025-04-12T18:18:18.169Z] Action: HOLD
[2025-04-12T18:18:28.388Z] Action: HOLD
[2025-04-12T18:18:38.633Z] Action: HOLD
[2025-04-12T18:18:49.014Z] Action: HOLD
[2025-04-12T18:18:59.275Z] Action: HOLD
[2025-04-12T18:19:09.510Z] Action: HOLD
[2025-04-12T18:19:19.857Z] Action: HOLD
[2025-04-12T18:19:32.086Z] Action: HOLD
[2025-04-12T18:19:48.949Z] Action: HOLD
[2025-04-12T18:19:59.254Z] Action: HOLD
[2025-04-12T18:20:09.548Z] Action: HOLD
[2025-04-12T18:20:19.805Z] Action: HOLD
[2025-04-12T18:32:21.107Z] Action: HOLD
[2025-04-12T18:32:31.346Z] Action: HOLD
[2025-04-12T18:32:41.617Z] Action: HOLD
[2025-04-12T18:32:51.843Z] Action: HOLD
[2025-04-12T18:33:02.048Z] Action: HOLD
[2025-04-12T18:33:12.228Z] Action: HOLD
[2025-04-12T18:33:22.781Z] Action: HOLD
[2025-04-12T18:33:33.377Z] Action: HOLD
[2025-04-12T18:33:43.581Z] Action: HOLD
[2025-04-12T18:33:53.802Z] Action: HOLD
[2025-04-12T18:34:04.032Z] Action: HOLD
[2025-04-12T18:34:14.229Z] Action: HOLD
[2025-04-12T18:34:24.445Z] Action: HOLD
[2025-04-12T18:34:35.036Z] Action: HOLD
[2025-04-12T18:34:45.574Z] Action: HOLD
[2025-04-12T18:34:55.809Z] Action: HOLD
[2025-04-12T18:35:05.992Z] Action: HOLD
[2025-04-12T18:35:16.239Z] Action: HOLD
[2025-04-12T18:35:26.439Z] Action: HOLD
[2025-04-12T18:35:36.756Z] Action: HOLD
[2025-04-12T18:35:46.964Z] Action: HOLD
[2025-04-12T18:35:57.166Z] Action: HOLD
[2025-04-12T18:36:07.358Z] Action: HOLD
[2025-04-12T18:36:17.530Z] Action: HOLD
[2025-04-12T18:36:28.006Z] Action: HOLD
[2025-04-12T18:36:38.208Z] Action: HOLD
[2025-04-12T18:36:48.375Z] Action: HOLD
[2025-04-12T18:36:58.544Z] Action: HOLD
[2025-04-12T18:37:08.763Z] Action: HOLD
[2025-04-12T18:37:19.061Z] Action: HOLD
[2025-04-12T18:37:29.282Z] Action: HOLD
[2025-04-12T18:37:39.482Z] Action: HOLD
[2025-04-12T18:37:49.697Z] Action: HOLD
[2025-04-12T18:38:00.084Z] Action: HOLD
[2025-04-12T18:38:10.291Z] Action: HOLD
[2025-04-12T18:38:20.514Z] Action: HOLD
[2025-04-12T18:38:30.720Z] Action: HOLD
[2025-04-12T18:38:40.941Z] Action: HOLD
[2025-04-12T18:38:51.143Z] Action: HOLD
[2025-04-12T18:39:01.627Z] Action: HOLD
[2025-04-12T18:39:11.817Z] Action: HOLD
[2025-04-12T18:39:22.298Z] Action: HOLD
[2025-04-12T18:39:32.473Z] Action: HOLD
[2025-04-12T18:39:42.686Z] Action: HOLD
[2025-04-12T18:39:52.868Z] Action: HOLD
[2025-04-12T18:40:03.078Z] Action: HOLD
[2025-04-12T18:40:13.280Z] Action: HOLD
[2025-04-12T18:40:23.483Z] Action: HOLD
[2025-04-12T18:40:33.730Z] Action: HOLD
[2025-04-12T18:40:43.916Z] Action: HOLD
[2025-04-12T18:40:54.113Z] Action: HOLD
[2025-04-12T18:41:04.324Z] Action: HOLD
[2025-04-12T18:41:14.758Z] Action: HOLD
[2025-04-12T18:41:24.962Z] Action: HOLD
[2025-04-12T18:41:35.157Z] Action: HOLD
[2025-04-12T18:41:45.328Z] Action: HOLD
[2025-04-12T18:41:55.490Z] Action: HOLD
[2025-04-12T18:42:06.203Z] Action: HOLD
[2025-04-12T18:42:16.371Z] Action: HOLD
[2025-04-12T18:42:26.567Z] Action: HOLD
[2025-04-12T18:42:37.154Z] Action: BUY
[2025-04-12T18:42:47.381Z] Action: BUY
[2025-04-12T18:42:57.585Z] Action: BUY
[2025-04-12T18:43:07.852Z] Action: BUY
[2025-04-12T18:43:18.030Z] Action: BUY
[2025-04-12T18:43:28.264Z] Action: BUY
[2025-04-12T18:43:38.472Z] Action: BUY
[2025-04-12T18:43:48.747Z] Action: BUY
[2025-04-12T18:43:58.915Z] Action: BUY
[2025-04-12T18:44:09.123Z] Action: BUY
[2025-04-12T18:44:19.375Z] Action: BUY
[2025-04-12T18:44:29.542Z] Action: BUY
[2025-04-12T18:44:39.714Z] Action: BUY
[2025-04-12T18:44:50.141Z] Action: BUY
[2025-04-12T18:45:00.311Z] Action: BUY
[2025-04-12T18:45:10.686Z] Action: BUY
[2025-04-12T18:45:22.212Z] Action: BUY
[2025-04-12T18:45:32.405Z] Action: BUY
[2025-04-12T18:45:42.586Z] Action: BUY
[2025-04-12T18:45:52.757Z] Action: BUY
[2025-04-12T18:46:02.951Z] Action: BUY
[2025-04-12T18:46:13.157Z] Action: BUY
[2025-04-12T18:46:23.352Z] Action: BUY
[2025-04-12T18:46:33.515Z] Action: BUY
[2025-04-12T18:46:43.674Z] Action: BUY
[2025-04-12T18:46:53.851Z] Action: BUY
[2025-04-12T18:47:04.020Z] Action: BUY
[2025-04-12T18:47:19.921Z] Action: BUY
[2025-04-12T18:47:30.160Z] Action: BUY
[2025-04-12T18:47:40.455Z] Action: BUY
[2025-04-12T18:47:50.813Z] Action: BUY
[2025-04-12T18:48:01.047Z] Action: BUY
[2025-04-12T18:48:11.273Z] Action: SELL
[2025-04-12T18:48:21.539Z] Action: SELL
[2025-04-12T18:48:31.775Z] Action: SELL
[2025-04-12T18:48:42.031Z] Action: SELL
[2025-04-12T18:48:52.321Z] Action: SELL
[2025-04-12T18:49:02.670Z] Action: SELL
[2025-04-12T18:49:12.849Z] Action: HOLD
[2025-04-12T18:49:23.109Z] Action: HOLD
[2025-04-12T18:49:33.277Z] Action: HOLD
[2025-04-12T18:49:43.449Z] Action: HOLD
[2025-04-12T18:49:54.015Z] Action: HOLD
[2025-04-12T18:50:04.202Z] Action: HOLD
[2025-04-12T18:50:14.386Z] Action: HOLD
[2025-04-12T18:50:26.929Z] Action: HOLD
[2025-04-12T18:50:37.109Z] Action: HOLD
[2025-04-12T18:50:47.309Z] Action: HOLD
[2025-04-12T18:50:57.555Z] Action: HOLD
[2025-04-12T18:51:07.798Z] Action: BUY
[2025-04-12T18:51:18.046Z] Action: BUY
[2025-04-12T18:51:28.297Z] Action: BUY
[2025-04-12T18:51:38.556Z] Action: BUY
[2025-04-12T18:51:48.955Z] Action: BUY
[2025-04-12T18:51:54.385Z] Action: BUY
[2025-04-12T18:52:04.661Z] Action: BUY
[2025-04-12T18:52:14.965Z] Action: BUY
[2025-04-12T18:52:25.237Z] Action: BUY
[2025-04-12T18:52:35.572Z] Action: BUY
[2025-04-12T18:52:46.105Z] Action: BUY
[2025-04-12T18:52:56.572Z] Action: BUY
[2025-04-12T18:53:06.854Z] Action: BUY
[2025-04-12T18:53:17.087Z] Action: BUY
[2025-04-12T18:53:27.324Z] Action: BUY
[2025-04-12T18:53:37.631Z] Action: BUY
[2025-04-12T18:53:47.933Z] Action: BUY
[2025-04-12T18:53:58.158Z] Action: BUY
[2025-04-12T18:54:06.438Z] Action: HOLD
[2025-04-12T18:54:16.602Z] Action: HOLD
[2025-04-12T18:54:26.816Z] Action: HOLD
[2025-04-12T18:54:36.977Z] Action: HOLD
[2025-04-12T18:54:47.163Z] Action: HOLD
[2025-04-12T18:54:57.374Z] Action: HOLD
[2025-04-12T18:55:07.577Z] Action: HOLD
[2025-04-12T18:55:17.854Z] Action: HOLD
[2025-04-12T18:55:28.076Z] Action: HOLD
[2025-04-12T18:55:38.375Z] Action: HOLD
[2025-04-12T18:55:48.628Z] Action: HOLD
[2025-04-12T18:55:58.849Z] Action: HOLD
[2025-04-12T18:56:09.132Z] Action: BUY
[2025-04-12T18:56:19.464Z] Action: BUY
[2025-04-12T18:56:29.684Z] Action: BUY
[2025-04-12T18:56:40.063Z] Action: BUY
[2025-04-12T18:56:50.318Z] Action: BUY
[2025-04-12T18:56:59.359Z] Action: BUY
[2025-04-12T18:57:09.567Z] Action: HOLD
[2025-04-12T18:57:19.761Z] Action: HOLD
[2025-04-12T18:57:29.969Z] Action: HOLD
[2025-04-12T18:57:41.535Z] Action: LOGIN_FAILED
[2025-04-12T18:57:51.842Z] Action: LOGIN_FAILED
[2025-04-12T18:58:01.963Z] Action: LOGIN_FAILED
[2025-04-12T18:58:12.077Z] Action: LOGIN_FAILED
[2025-04-12T18:58:22.214Z] Action: LOGIN_FAILED
[2025-04-12T18:58:32.442Z] Action: LOGIN_FAILED
[2025-04-12T18:58:40.731Z] Action: LOGIN_FAILED
[2025-04-12T18:58:50.319Z] Action: BUY
[2025-04-12T18:59:00.614Z] Action: BUY
[2025-04-12T18:59:10.841Z] Action: HOLD
[2025-04-12T18:59:21.026Z] Action: HOLD
[2025-04-12T18:59:31.205Z] Action: HOLD
[2025-04-12T18:59:41.403Z] Action: HOLD
[2025-04-12T18:59:51.581Z] Action: HOLD
[2025-04-12T19:00:02.125Z] Action: SELL
[2025-04-12T19:00:12.493Z] Action: SELL
[2025-04-12T19:00:22.769Z] Action: SELL
[2025-04-12T19:00:33.152Z] Action: SELL
[2025-04-12T19:00:43.653Z] Action: SELL
[2025-04-12T19:00:53.981Z] Action: SELL
[2025-04-12T19:01:04.258Z] Action: SELL
[2025-04-12T19:01:14.525Z] Action: SELL
[2025-04-12T19:01:24.827Z] Action: SELL
[2025-04-12T19:01:35.313Z] Action: SELL
[2025-04-12T19:01:45.618Z] Action: SELL
[2025-04-12T19:01:55.874Z] Action: SELL
[2025-04-12T19:02:06.051Z] Action: HOLD
[2025-04-12T19:02:16.241Z] Action: HOLD
[2025-04-12T19:02:26.400Z] Action: HOLD
[2025-04-12T19:02:36.562Z] Action: HOLD
[2025-04-12T19:02:46.738Z] Action: HOLD
[2025-04-12T19:02:56.911Z] Action: HOLD
[2025-04-12T19:03:07.201Z] Action: SELL
[2025-04-12T19:03:17.474Z] Action: SELL
[2025-04-12T19:03:27.809Z] Action: SELL
[2025-04-12T19:03:38.154Z] Action: SELL
[2025-04-12T19:03:48.790Z] Action: SELL
[2025-04-12T19:04:11.844Z] Action: SELL
[2025-04-12T19:04:22.615Z] Action: SELL
[2025-04-12T19:04:33.035Z] Action: SELL
[2025-04-12T19:04:43.347Z] Action: SELL
[2025-04-12T19:04:53.838Z] Action: SELL
[2025-04-12T19:05:04.047Z] Action: HOLD
[2025-04-12T19:05:14.275Z] Action: HOLD
[2025-04-12T19:05:24.539Z] Action: HOLD
[2025-04-12T19:05:34.794Z] Action: HOLD
[2025-04-12T19:05:45.007Z] Action: HOLD
[2025-04-12T19:05:56.223Z] Action: HOLD
[2025-04-12T19:06:06.433Z] Action: HOLD
[2025-04-12T19:06:16.673Z] Action: HOLD
[2025-04-12T19:06:26.890Z] Action: HOLD
[2025-04-12T19:06:37.103Z] Action: HOLD
[2025-04-12T19:06:47.335Z] Action: HOLD
[2025-04-12T19:06:57.577Z] Action: HOLD
[2025-04-12T19:07:07.932Z] Action: SELL
[2025-04-12T19:07:18.249Z] Action: SELL
[2025-04-12T19:07:28.567Z] Action: SELL
[2025-04-12T19:07:38.916Z] Action: SELL
[2025-04-12T19:07:49.218Z] Action: SELL
[2025-04-12T19:07:59.670Z] Action: SELL
[2025-04-12T19:08:09.960Z] Action: SELL
[2025-04-12T19:08:20.352Z] Action: SELL
[2025-04-12T19:13:34.464Z] Action: HOLD
[2025-04-12T19:13:44.718Z] Action: HOLD
[2025-04-12T19:13:54.963Z] Action: HOLD
[2025-04-12T19:14:05.175Z] Action: HOLD
[2025-04-12T19:14:15.433Z] Action: HOLD
[2025-04-12T19:14:25.684Z] Action: HOLD
[2025-04-12T19:14:35.885Z] Action: HOLD
[2025-04-12T19:14:46.490Z] Action: HOLD
[2025-04-12T19:14:56.759Z] Action: HOLD
[2025-04-12T19:15:07.196Z] Action: BUY
[2025-04-12T19:15:17.549Z] Action: BUY
[2025-04-12T19:15:27.925Z] Action: BUY
[2025-04-12T19:15:38.225Z] Action: BUY
[2025-04-12T19:15:48.533Z] Action: BUY
[2025-04-12T19:15:58.860Z] Action: BUY
[2025-04-12T19:16:09.185Z] Action: SELL
[2025-04-12T19:16:19.597Z] Action: SELL
[2025-04-12T19:16:29.972Z] Action: SELL
[2025-04-12T19:16:40.303Z] Action: SELL
[2025-04-12T19:16:50.624Z] Action: SELL
[2025-04-12T19:17:00.971Z] Action: SELL
[2025-04-12T19:17:11.339Z] Action: BUY
[2025-04-12T19:17:21.656Z] Action: BUY
[2025-04-12T19:17:31.960Z] Action: BUY
[2025-04-12T19:17:42.288Z] Action: BUY
[2025-04-12T19:17:52.670Z] Action: BUY
[2025-04-12T19:17:55.752Z] Action: BUY
[2025-04-12T19:18:06.001Z] Action: BUY
[2025-04-12T19:18:16.269Z] Action: BUY
[2025-04-12T19:18:26.517Z] Action: BUY
[2025-04-12T19:18:36.765Z] Action: BUY
[2025-04-12T19:18:43.910Z] Action: BUY
[2025-04-12T19:18:54.190Z] Action: BUY
[2025-04-12T19:19:04.389Z] Action: HOLD
[2025-04-12T19:19:14.627Z] Action: HOLD
[2025-04-12T19:19:24.785Z] Action: HOLD
[2025-04-12T19:19:34.954Z] Action: HOLD
[2025-04-12T19:19:45.110Z] Action: HOLD
[2025-04-12T19:19:55.272Z] Action: HOLD
[2025-04-12T19:20:05.480Z] Action: HOLD
[2025-04-12T19:20:15.767Z] Action: HOLD
[2025-04-12T19:20:25.938Z] Action: HOLD
[2025-04-12T19:20:36.224Z] Action: HOLD
[2025-04-12T19:20:46.391Z] Action: HOLD
[2025-04-12T19:20:56.562Z] Action: HOLD
[2025-04-12T19:21:06.742Z] Action: HOLD
[2025-04-12T19:21:16.930Z] Action: HOLD
[2025-04-12T19:21:27.188Z] Action: HOLD
[2025-04-12T19:21:37.355Z] Action: HOLD
[2025-04-12T19:21:47.522Z] Action: HOLD
[2025-04-12T19:21:58.005Z] Action: HOLD
[2025-04-12T19:22:01.779Z] Action: HOLD
[2025-04-12T19:22:04.005Z] Action: BUY
[2025-04-12T19:22:06.206Z] Action: BUY
[2025-04-12T19:22:08.457Z] Action: BUY
[2025-04-12T19:22:10.654Z] Action: BUY
[2025-04-12T19:22:12.889Z] Action: BUY
[2025-04-12T19:22:15.442Z] Action: BUY
[2025-04-12T19:22:17.648Z] Action: BUY
[2025-04-12T19:22:19.985Z] Action: BUY
[2025-04-12T19:22:22.387Z] Action: BUY
[2025-04-12T19:23:23.777Z] Action: BUY
[2025-04-12T19:23:34.034Z] Action: BUY
[2025-04-12T19:24:44.302Z] Action: HOLD
[2025-04-12T19:24:54.538Z] Action: HOLD
[2025-04-12T19:25:04.705Z] Action: HOLD
[2025-04-12T19:25:14.855Z] Action: HOLD
[2025-04-12T19:25:25.034Z] Action: HOLD
[2025-04-12T19:25:35.228Z] Action: HOLD
[2025-04-12T19:25:45.419Z] Action: HOLD
[2025-04-12T19:25:48.508Z] Action: HOLD
[2025-04-12T19:25:58.756Z] Action: HOLD
[2025-04-12T19:26:08.911Z] Action: HOLD
[2025-04-12T19:26:19.071Z] Action: HOLD
[2025-04-12T19:26:29.284Z] Action: HOLD
[2025-04-12T19:26:39.456Z] Action: HOLD
[2025-04-12T19:26:49.608Z] Action: HOLD
[2025-04-12T19:26:59.818Z] Action: HOLD
[2025-04-12T19:27:10.052Z] Action: HOLD
[2025-04-12T19:27:20.227Z] Action: HOLD
[2025-04-12T19:27:30.433Z] Action: HOLD
[2025-04-12T19:27:40.601Z] Action: HOLD
[2025-04-12T19:27:50.876Z] Action: HOLD
[2025-04-12T19:28:01.076Z] Action: HOLD
[2025-04-12T19:28:11.228Z] Action: HOLD
[2025-04-12T19:28:21.381Z] Action: HOLD
[2025-04-12T19:28:31.568Z] Action: HOLD
[2025-04-12T19:28:41.779Z] Action: HOLD
[2025-04-12T19:28:51.972Z] Action: HOLD
[2025-04-12T19:29:02.191Z] Action: HOLD
[2025-04-12T19:29:12.410Z] Action: HOLD
[2025-04-12T19:29:22.649Z] Action: HOLD
[2025-04-12T19:29:32.822Z] Action: HOLD
[2025-04-12T19:29:42.987Z] Action: HOLD
[2025-04-12T19:29:53.185Z] Action: HOLD
[2025-04-12T19:30:03.402Z] Action: HOLD
[2025-04-12T19:30:13.814Z] Action: HOLD
[2025-04-12T19:30:23.993Z] Action: HOLD
[2025-04-12T19:30:34.193Z] Action: HOLD
[2025-04-12T19:30:44.426Z] Action: HOLD
[2025-04-12T19:30:54.639Z] Action: HOLD
[2025-04-12T19:31:04.801Z] Action: HOLD
[2025-04-12T19:31:14.968Z] Action: HOLD
[2025-04-12T19:31:25.190Z] Action: HOLD
[2025-04-12T19:31:35.385Z] Action: HOLD
[2025-04-12T19:31:45.584Z] Action: HOLD
[2025-04-12T19:31:55.788Z] Action: HOLD
[2025-04-12T19:32:05.984Z] Action: HOLD
[2025-04-12T19:32:16.171Z] Action: HOLD
[2025-04-12T19:32:26.387Z] Action: HOLD
[2025-04-12T19:32:36.550Z] Action: HOLD
[2025-04-12T19:32:46.730Z] Action: HOLD
[2025-04-12T19:32:56.885Z] Action: HOLD
[2025-04-12T19:33:07.216Z] Action: HOLD
[2025-04-12T19:33:17.417Z] Action: HOLD
[2025-04-12T19:33:27.601Z] Action: HOLD
[2025-04-12T19:33:37.812Z] Action: HOLD
[2025-04-12T19:33:47.969Z] Action: HOLD
[2025-04-12T19:33:58.143Z] Action: HOLD
[2025-04-12T19:34:09.314Z] Action: HOLD
[2025-04-12T19:34:19.531Z] Action: HOLD
[2025-04-12T19:34:29.700Z] Action: HOLD
[2025-04-12T19:34:39.856Z] Action: HOLD
[2025-04-12T19:34:50.058Z] Action: HOLD
[2025-04-12T19:35:00.231Z] Action: HOLD
[2025-04-12T19:35:10.459Z] Action: SELL
[2025-04-12T19:35:20.789Z] Action: SELL
[2025-04-12T19:35:31.036Z] Action: SELL
[2025-04-12T19:35:41.269Z] Action: SELL
[2025-04-12T19:35:51.566Z] Action: SELL
[2025-04-12T19:36:01.832Z] Action: SELL
[2025-04-12T19:36:12.119Z] Action: SELL
[2025-04-12T19:36:22.352Z] Action: SELL
[2025-04-12T19:36:32.666Z] Action: SELL
[2025-04-12T19:36:42.899Z] Action: SELL
[2025-04-12T19:36:53.151Z] Action: SELL
[2025-04-12T19:37:03.815Z] Action: SELL
[2025-04-12T19:37:13.998Z] Action: HOLD
[2025-04-12T19:37:24.274Z] Action: HOLD
[2025-04-12T19:37:34.468Z] Action: HOLD
[2025-04-12T19:37:44.650Z] Action: HOLD
[2025-04-12T19:37:54.831Z] Action: HOLD
[2025-04-12T19:38:05.017Z] Action: HOLD
[2025-04-12T19:38:15.186Z] Action: HOLD
[2025-04-12T19:38:25.471Z] Action: HOLD
[2025-04-12T19:38:35.618Z] Action: HOLD
[2025-04-12T19:38:45.822Z] Action: HOLD
[2025-04-12T19:38:56.023Z] Action: HOLD
[2025-04-12T19:39:06.231Z] Action: BUY
[2025-04-12T19:39:16.517Z] Action: BUY
[2025-04-12T19:39:26.803Z] Action: BUY
[2025-04-12T19:39:37.061Z] Action: BUY
[2025-04-12T19:39:47.266Z] Action: BUY
[2025-04-12T19:39:57.500Z] Action: BUY
[2025-04-12T19:40:07.655Z] Action: HOLD
[2025-04-12T19:40:17.919Z] Action: HOLD
[2025-04-12T19:40:22.346Z] Action: HOLD
[2025-04-12T19:40:32.546Z] Action: HOLD
[2025-04-12T19:40:42.766Z] Action: HOLD
[2025-04-12T19:40:47.219Z] Action: HOLD
[2025-04-12T19:40:57.529Z] Action: HOLD
[2025-04-12T19:41:08.075Z] Action: HOLD
[2025-04-12T19:41:18.245Z] Action: HOLD
[2025-04-12T19:41:28.412Z] Action: HOLD
[2025-04-12T19:41:38.573Z] Action: HOLD
[2025-04-12T19:41:48.768Z] Action: HOLD
[2025-04-12T19:41:58.971Z] Action: HOLD
[2025-04-12T19:42:09.402Z] Action: HOLD
[2025-04-12T19:42:19.558Z] Action: HOLD
[2025-04-12T19:42:29.749Z] Action: HOLD
[2025-04-12T19:42:39.929Z] Action: HOLD
[2025-04-12T19:42:50.098Z] Action: HOLD
[2025-04-12T19:43:00.293Z] Action: HOLD
[2025-04-12T19:43:10.606Z] Action: HOLD
[2025-04-12T19:43:20.790Z] Action: HOLD
[2025-04-12T19:43:30.999Z] Action: HOLD
[2025-04-12T19:43:41.160Z] Action: HOLD
[2025-04-12T19:43:51.697Z] Action: HOLD
[2025-04-12T19:44:01.866Z] Action: HOLD
[2025-04-12T19:44:12.219Z] Action: HOLD
[2025-04-12T19:44:22.393Z] Action: HOLD
[2025-04-12T19:44:32.608Z] Action: HOLD
[2025-04-12T19:44:42.817Z] Action: HOLD
[2025-04-12T19:44:53.046Z] Action: HOLD
[2025-04-12T19:45:03.449Z] Action: HOLD
[2025-04-12T19:45:13.768Z] Action: HOLD
[2025-04-12T19:45:23.939Z] Action: HOLD
[2025-04-12T19:45:34.194Z] Action: HOLD
[2025-04-12T19:45:44.403Z] Action: HOLD
[2025-04-12T19:45:54.588Z] Action: HOLD
[2025-04-12T19:46:04.781Z] Action: HOLD
[2025-04-12T19:46:14.965Z] Action: HOLD
[2025-04-12T19:46:25.124Z] Action: HOLD
[2025-04-12T19:46:35.310Z] Action: HOLD
[2025-04-12T19:46:45.494Z] Action: HOLD
[2025-04-12T19:46:55.694Z] Action: HOLD
[2025-04-12T19:47:06.063Z] Action: HOLD
[2025-04-12T19:47:16.268Z] Action: HOLD
[2025-04-12T19:47:26.432Z] Action: HOLD
[2025-04-12T19:47:36.590Z] Action: HOLD
[2025-04-12T19:47:46.784Z] Action: HOLD
[2025-04-12T19:47:56.982Z] Action: HOLD
[2025-04-12T19:48:07.154Z] Action: HOLD
[2025-04-12T19:48:17.380Z] Action: HOLD
[2025-04-12T19:48:27.555Z] Action: HOLD
[2025-04-12T19:48:37.818Z] Action: HOLD
[2025-04-12T19:48:47.989Z] Action: HOLD
[2025-04-12T19:48:58.183Z] Action: HOLD
[2025-04-12T19:49:08.443Z] Action: HOLD
[2025-04-12T19:49:18.653Z] Action: HOLD
[2025-04-12T19:49:28.916Z] Action: HOLD
[2025-04-12T19:49:39.100Z] Action: HOLD
[2025-04-12T19:49:49.290Z] Action: HOLD
[2025-04-12T19:49:59.554Z] Action: HOLD
[2025-04-12T19:50:11.259Z] Action: HOLD
[2025-04-12T19:50:21.432Z] Action: HOLD
[2025-04-12T19:50:31.600Z] Action: HOLD
[2025-04-12T19:50:41.760Z] Action: HOLD
[2025-04-12T19:50:51.916Z] Action: HOLD
[2025-04-12T19:51:02.113Z] Action: HOLD
[2025-04-12T19:51:12.270Z] Action: HOLD
[2025-04-12T19:51:22.427Z] Action: HOLD
[2025-04-12T19:51:32.614Z] Action: HOLD
[2025-04-12T19:51:42.812Z] Action: HOLD
[2025-04-12T19:51:52.965Z] Action: HOLD
[2025-04-12T19:52:04.228Z] Action: HOLD
[2025-04-12T19:52:14.399Z] Action: HOLD
[2025-04-12T19:52:24.615Z] Action: HOLD
[2025-04-12T19:52:34.821Z] Action: HOLD
[2025-04-12T19:52:45.001Z] Action: HOLD
[2025-04-12T19:52:55.385Z] Action: HOLD
[2025-04-12T19:53:05.733Z] Action: HOLD
[2025-04-12T19:53:15.997Z] Action: HOLD
[2025-04-12T19:53:26.183Z] Action: HOLD
[2025-04-12T19:53:36.378Z] Action: HOLD
[2025-04-12T19:53:46.634Z] Action: HOLD
[2025-04-12T19:53:57.213Z] Action: HOLD
[2025-04-12T19:54:07.567Z] Action: BUY
[2025-04-12T19:54:17.874Z] Action: BUY
[2025-04-12T19:54:28.101Z] Action: BUY
[2025-04-12T19:54:38.427Z] Action: BUY
[2025-04-12T19:54:48.652Z] Action: BUY
[2025-04-12T19:54:58.912Z] Action: BUY
[2025-04-12T19:55:09.491Z] Action: HOLD
[2025-04-12T19:55:19.662Z] Action: HOLD
[2025-04-12T19:55:30.444Z] Action: HOLD
[2025-04-12T19:55:40.617Z] Action: HOLD
[2025-04-12T19:55:50.815Z] Action: HOLD
[2025-04-12T19:56:00.968Z] Action: HOLD
[2025-04-12T19:56:11.158Z] Action: HOLD
[2025-04-12T19:56:21.352Z] Action: HOLD
[2025-04-12T19:56:31.621Z] Action: HOLD
[2025-04-12T19:56:41.798Z] Action: HOLD
[2025-04-12T19:56:52.210Z] Action: HOLD
[2025-04-12T19:57:02.397Z] Action: HOLD
[2025-04-12T19:57:12.605Z] Action: HOLD
[2025-04-12T19:57:22.785Z] Action: HOLD
[2025-04-12T19:57:33.147Z] Action: HOLD
[2025-04-12T19:57:43.318Z] Action: HOLD
[2025-04-12T19:57:53.664Z] Action: HOLD
[2025-04-12T19:58:04.197Z] Action: HOLD
[2025-04-12T19:58:14.374Z] Action: HOLD
[2025-04-12T19:58:24.913Z] Action: HOLD
[2025-04-12T19:58:35.082Z] Action: HOLD
[2025-04-12T19:58:45.445Z] Action: HOLD
[2025-04-12T19:58:55.644Z] Action: HOLD
[2025-04-12T19:59:05.812Z] Action: HOLD
[2025-04-12T19:59:16.016Z] Action: HOLD
[2025-04-12T19:59:26.180Z] Action: HOLD
[2025-04-12T19:59:36.372Z] Action: HOLD
[2025-04-12T19:59:46.535Z] Action: HOLD
[2025-04-12T19:59:56.760Z] Action: HOLD
[2025-04-12T20:00:06.938Z] Action: HOLD
[2025-04-12T20:00:17.127Z] Action: HOLD
[2025-04-12T20:00:27.335Z] Action: HOLD
[2025-04-12T20:00:37.553Z] Action: HOLD
[2025-04-12T20:00:47.752Z] Action: HOLD
[2025-04-12T20:00:57.967Z] Action: HOLD
[2025-04-12T20:01:08.498Z] Action: HOLD
[2025-04-12T20:01:18.713Z] Action: HOLD
[2025-04-12T20:01:28.912Z] Action: HOLD
[2025-04-12T20:01:39.153Z] Action: HOLD
[2025-04-12T20:01:49.641Z] Action: HOLD
[2025-04-12T20:02:00.371Z] Action: HOLD
[2025-04-12T20:02:10.567Z] Action: HOLD
[2025-04-12T20:02:20.815Z] Action: HOLD
[2025-04-12T20:02:31.033Z] Action: HOLD
[2025-04-12T20:02:41.240Z] Action: HOLD
[2025-04-12T20:02:51.455Z] Action: HOLD
[2025-04-12T20:03:01.774Z] Action: HOLD
[2025-04-12T20:03:12.048Z] Action: SELL
[2025-04-12T20:03:22.707Z] Action: SELL
[2025-04-12T20:03:32.994Z] Action: SELL
[2025-04-12T20:03:43.251Z] Action: SELL
[2025-04-12T20:03:53.568Z] Action: SELL
[2025-04-12T20:04:03.843Z] Action: SELL
[2025-04-12T20:04:14.030Z] Action: HOLD
[2025-04-12T20:04:24.233Z] Action: HOLD
[2025-04-12T20:04:34.745Z] Action: HOLD
[2025-04-12T20:04:44.956Z] Action: HOLD
[2025-04-12T20:04:55.128Z] Action: HOLD
[2025-04-12T20:05:05.747Z] Action: HOLD
[2025-04-12T20:05:15.947Z] Action: HOLD
[2025-04-12T20:05:27.115Z] Action: HOLD
[2025-04-12T20:05:37.274Z] Action: HOLD
[2025-04-12T20:05:47.459Z] Action: HOLD
[2025-04-12T20:05:57.652Z] Action: HOLD
[2025-04-12T20:06:07.826Z] Action: HOLD
[2025-04-12T20:06:18.004Z] Action: HOLD
[2025-04-12T20:06:28.186Z] Action: HOLD
[2025-04-12T20:06:38.346Z] Action: HOLD
[2025-04-12T20:06:48.510Z] Action: HOLD
[2025-04-12T20:06:59.034Z] Action: HOLD
[2025-04-12T20:07:09.212Z] Action: HOLD
[2025-04-12T20:07:19.435Z] Action: HOLD
[2025-04-12T20:07:29.594Z] Action: HOLD
[2025-04-12T20:07:40.782Z] Action: HOLD
[2025-04-12T20:07:51.026Z] Action: HOLD
[2025-04-12T20:07:52.172Z] Action: HOLD
[2025-04-12T20:07:53.315Z] Action: HOLD
[2025-04-12T20:07:54.580Z] Action: HOLD
[2025-04-12T20:07:55.714Z] Action: HOLD
[2025-04-12T20:07:57.059Z] Action: HOLD
[2025-04-12T20:07:58.207Z] Action: HOLD
[2025-04-12T20:07:59.379Z] Action: HOLD
[2025-04-12T20:08:00.541Z] Action: HOLD
[2025-04-12T20:08:01.780Z] Action: HOLD
[2025-04-12T20:08:02.988Z] Action: HOLD
[2025-04-12T20:08:04.137Z] Action: HOLD
[2025-04-12T20:08:05.303Z] Action: HOLD
[2025-04-12T20:08:06.493Z] Action: HOLD
[2025-04-12T20:08:07.651Z] Action: HOLD
[2025-04-12T20:08:09.074Z] Action: HOLD
[2025-04-12T20:08:10.224Z] Action: HOLD
[2025-04-12T20:08:11.629Z] Action: HOLD
[2025-04-12T20:08:12.893Z] Action: HOLD
[2025-04-12T20:08:14.178Z] Action: HOLD
[2025-04-12T20:08:15.331Z] Action: HOLD
[2025-04-12T20:08:16.478Z] Action: HOLD
[2025-04-12T20:08:17.771Z] Action: HOLD
[2025-04-12T20:08:18.946Z] Action: HOLD
[2025-04-12T20:08:20.366Z] Action: HOLD
[2025-04-12T20:08:21.513Z] Action: HOLD
[2025-04-12T20:08:22.647Z] Action: HOLD
[2025-04-12T20:08:23.775Z] Action: HOLD
[2025-04-12T20:08:24.918Z] Action: HOLD
[2025-04-12T20:08:26.112Z] Action: HOLD
[2025-04-12T20:08:27.275Z] Action: HOLD
[2025-04-12T20:08:28.401Z] Action: HOLD
[2025-04-12T20:08:29.546Z] Action: HOLD
[2025-04-12T20:08:30.663Z] Action: HOLD
[2025-04-12T20:08:31.830Z] Action: HOLD
[2025-04-12T20:08:32.997Z] Action: HOLD
[2025-04-12T20:08:34.129Z] Action: HOLD
[2025-04-12T20:08:35.267Z] Action: HOLD
[2025-04-12T20:08:36.394Z] Action: HOLD
[2025-04-12T20:08:37.609Z] Action: HOLD
[2025-04-12T20:08:38.769Z] Action: HOLD
[2025-04-12T20:08:39.891Z] Action: HOLD
[2025-04-12T20:08:41.030Z] Action: HOLD
[2025-04-12T20:08:42.153Z] Action: HOLD
[2025-04-12T20:08:43.279Z] Action: HOLD
[2025-04-12T20:08:44.397Z] Action: HOLD
[2025-04-12T20:08:45.545Z] Action: HOLD
[2025-04-12T20:08:46.739Z] Action: HOLD
[2025-04-12T20:08:47.857Z] Action: HOLD
[2025-04-12T20:08:48.985Z] Action: HOLD
[2025-04-12T20:08:50.188Z] Action: HOLD
[2025-04-12T20:08:51.304Z] Action: HOLD
[2025-04-12T20:08:52.478Z] Action: HOLD
[2025-04-12T20:08:53.987Z] Action: HOLD
[2025-04-12T20:08:55.123Z] Action: HOLD
[2025-04-12T20:08:56.240Z] Action: HOLD
[2025-04-12T20:08:57.454Z] Action: HOLD
[2025-04-12T20:08:58.582Z] Action: HOLD
[2025-04-12T20:08:59.726Z] Action: HOLD
[2025-04-12T20:09:00.879Z] Action: HOLD
[2025-04-12T20:09:02.446Z] Action: HOLD
[2025-04-12T20:09:03.991Z] Action: HOLD
[2025-04-12T20:09:05.149Z] Action: HOLD
[2025-04-12T20:09:06.314Z] Action: HOLD
[2025-04-12T20:09:07.462Z] Action: HOLD
[2025-04-12T20:09:08.606Z] Action: HOLD
[2025-04-12T20:09:09.745Z] Action: HOLD
[2025-04-12T20:09:10.861Z] Action: HOLD
[2025-04-12T20:09:11.997Z] Action: HOLD
[2025-04-12T20:09:13.132Z] Action: HOLD
[2025-04-12T20:09:14.245Z] Action: HOLD
[2025-04-12T20:09:15.364Z] Action: HOLD
[2025-04-12T20:09:16.506Z] Action: HOLD
[2025-04-12T20:09:17.699Z] Action: HOLD
[2025-04-12T20:09:18.852Z] Action: HOLD
[2025-04-12T20:09:19.982Z] Action: HOLD
[2025-04-12T20:09:21.137Z] Action: HOLD
[2025-04-12T20:09:22.284Z] Action: HOLD
[2025-04-12T20:09:23.840Z] Action: HOLD
[2025-04-12T20:09:25.035Z] Action: HOLD
[2025-04-12T20:09:26.376Z] Action: HOLD
[2025-04-12T20:09:27.570Z] Action: HOLD
[2025-04-12T20:09:28.715Z] Action: HOLD
[2025-04-12T20:09:29.857Z] Action: HOLD
[2025-04-12T20:09:30.973Z] Action: HOLD
[2025-04-12T20:09:32.108Z] Action: HOLD
[2025-04-12T20:09:33.267Z] Action: HOLD
[2025-04-12T20:09:34.387Z] Action: HOLD
[2025-04-12T20:09:35.532Z] Action: HOLD
[2025-04-12T20:09:36.659Z] Action: HOLD
[2025-04-12T20:09:37.772Z] Action: HOLD
[2025-04-12T20:09:38.904Z] Action: HOLD
[2025-04-12T20:09:40.038Z] Action: HOLD
[2025-04-12T20:09:41.176Z] Action: HOLD
[2025-04-12T20:09:42.305Z] Action: HOLD
[2025-04-12T20:09:43.417Z] Action: HOLD
[2025-04-12T20:09:44.549Z] Action: HOLD
[2025-04-12T20:09:45.671Z] Action: HOLD
[2025-04-12T20:09:46.836Z] Action: HOLD
[2025-04-12T20:09:47.981Z] Action: HOLD
[2025-04-12T20:09:49.130Z] Action: HOLD
[2025-04-12T20:09:50.278Z] Action: HOLD
[2025-04-12T20:09:51.437Z] Action: HOLD
[2025-04-12T20:09:52.593Z] Action: HOLD
[2025-04-12T20:09:53.735Z] Action: HOLD
[2025-04-12T20:09:54.857Z] Action: HOLD
[2025-04-12T20:09:55.995Z] Action: HOLD
[2025-04-12T20:09:57.121Z] Action: HOLD
[2025-04-12T20:09:58.232Z] Action: HOLD
[2025-04-12T20:09:59.371Z] Action: HOLD
[2025-04-12T20:10:00.862Z] Action: HOLD
[2025-04-12T20:10:01.983Z] Action: HOLD
[2025-04-12T20:10:03.155Z] Action: HOLD
[2025-04-12T20:10:04.330Z] Action: HOLD
[2025-04-12T20:10:05.473Z] Action: HOLD
[2025-04-12T20:10:06.656Z] Action: HOLD
[2025-04-12T20:10:07.776Z] Action: HOLD
[2025-04-12T20:10:08.896Z] Action: HOLD
[2025-04-12T20:10:10.052Z] Action: HOLD
[2025-04-12T20:10:11.177Z] Action: HOLD
[2025-04-12T20:10:12.387Z] Action: HOLD
[2025-04-12T20:10:13.524Z] Action: HOLD
[2025-04-12T20:10:14.641Z] Action: HOLD
[2025-04-12T20:10:15.792Z] Action: HOLD
[2025-04-12T20:10:16.939Z] Action: HOLD
[2025-04-12T20:10:18.059Z] Action: HOLD
[2025-04-12T20:10:19.184Z] Action: HOLD
[2025-04-12T20:10:20.585Z] Action: HOLD
[2025-04-12T20:10:21.725Z] Action: HOLD
[2025-04-12T20:10:22.895Z] Action: HOLD
[2025-04-12T20:10:24.053Z] Action: HOLD
[2025-04-12T20:10:25.180Z] Action: HOLD
[2025-04-12T20:10:26.428Z] Action: HOLD
[2025-04-12T20:10:27.581Z] Action: HOLD
[2025-04-12T20:10:28.772Z] Action: HOLD
[2025-04-12T20:10:29.911Z] Action: HOLD
[2025-04-12T20:10:31.045Z] Action: HOLD
[2025-04-12T20:10:32.283Z] Action: HOLD
[2025-04-12T20:10:33.432Z] Action: HOLD
[2025-04-12T20:10:34.776Z] Action: HOLD
[2025-04-12T20:10:35.918Z] Action: HOLD
[2025-04-12T20:10:37.083Z] Action: HOLD
[2025-04-12T20:10:38.235Z] Action: HOLD
[2025-04-12T20:10:39.398Z] Action: HOLD
[2025-04-12T20:10:40.683Z] Action: HOLD
[2025-04-12T20:10:41.799Z] Action: HOLD
[2025-04-12T20:10:42.972Z] Action: HOLD
[2025-04-12T20:10:44.170Z] Action: HOLD
[2025-04-12T20:10:45.667Z] Action: HOLD
[2025-04-12T20:10:46.797Z] Action: HOLD
[2025-04-12T20:10:47.917Z] Action: HOLD
[2025-04-12T20:10:49.064Z] Action: HOLD
[2025-04-12T20:10:50.218Z] Action: HOLD
[2025-04-12T20:10:51.367Z] Action: HOLD
[2025-04-12T20:10:52.490Z] Action: HOLD
[2025-04-12T20:10:53.641Z] Action: HOLD
[2025-04-12T20:10:54.765Z] Action: HOLD
[2025-04-12T20:10:55.890Z] Action: HOLD
[2025-04-12T20:10:57.031Z] Action: HOLD
[2025-04-12T20:10:58.160Z] Action: HOLD
[2025-04-12T20:10:59.290Z] Action: HOLD
[2025-04-12T20:11:00.447Z] Action: HOLD
[2025-04-12T20:11:01.594Z] Action: HOLD
[2025-04-12T20:11:02.726Z] Action: HOLD
[2025-04-12T20:11:03.867Z] Action: HOLD
[2025-04-12T20:11:05.425Z] Action: HOLD
[2025-04-12T20:11:06.560Z] Action: HOLD
[2025-04-12T20:11:07.709Z] Action: HOLD
[2025-04-12T20:11:08.847Z] Action: HOLD
[2025-04-12T20:11:09.970Z] Action: HOLD
[2025-04-12T20:11:11.117Z] Action: HOLD
[2025-04-12T20:11:12.287Z] Action: HOLD
[2025-04-12T20:11:13.472Z] Action: HOLD
[2025-04-12T20:11:14.618Z] Action: HOLD
[2025-04-12T20:11:15.752Z] Action: HOLD
[2025-04-12T20:11:17.112Z] Action: HOLD
[2025-04-12T20:11:18.246Z] Action: HOLD
[2025-04-12T20:11:19.412Z] Action: HOLD
[2025-04-12T20:11:20.540Z] Action: HOLD
[2025-04-12T20:11:21.683Z] Action: HOLD
[2025-04-12T20:11:22.820Z] Action: HOLD
[2025-04-12T20:11:23.942Z] Action: HOLD
[2025-04-12T20:11:25.441Z] Action: HOLD
[2025-04-12T20:11:26.568Z] Action: HOLD
[2025-04-12T20:11:27.706Z] Action: HOLD
[2025-04-12T20:11:28.836Z] Action: HOLD
[2025-04-12T20:11:30.005Z] Action: HOLD
[2025-04-12T20:11:31.136Z] Action: HOLD
[2025-04-12T20:11:32.703Z] Action: HOLD
[2025-04-12T20:11:33.880Z] Action: HOLD
[2025-04-12T20:11:35.023Z] Action: HOLD
[2025-04-12T20:11:36.220Z] Action: HOLD
[2025-04-12T20:11:37.761Z] Action: HOLD
[2025-04-12T20:11:38.911Z] Action: HOLD
[2025-04-12T20:11:40.049Z] Action: HOLD
[2025-04-12T20:11:41.183Z] Action: HOLD
[2025-04-12T20:11:42.318Z] Action: HOLD
[2025-04-12T20:11:43.489Z] Action: HOLD
[2025-04-12T20:11:44.645Z] Action: HOLD
[2025-04-12T20:11:45.780Z] Action: HOLD
[2025-04-12T20:11:46.912Z] Action: HOLD
[2025-04-12T20:11:48.045Z] Action: HOLD
[2025-04-12T20:11:49.411Z] Action: HOLD
[2025-04-12T20:11:50.540Z] Action: HOLD
[2025-04-12T20:11:51.664Z] Action: HOLD
[2025-04-12T20:11:52.806Z] Action: HOLD
[2025-04-12T20:11:54.603Z] Action: HOLD
[2025-04-12T20:11:55.739Z] Action: HOLD
[2025-04-12T20:11:56.879Z] Action: HOLD
[2025-04-12T20:11:58.023Z] Action: HOLD
[2025-04-12T20:11:59.157Z] Action: HOLD
[2025-04-12T20:12:00.318Z] Action: HOLD
[2025-04-12T20:12:01.463Z] Action: HOLD
[2025-04-12T20:12:02.604Z] Action: HOLD
[2025-04-12T20:12:03.729Z] Action: HOLD
[2025-04-12T20:12:04.888Z] Action: HOLD
[2025-04-12T20:12:06.019Z] Action: HOLD
[2025-04-12T20:12:07.151Z] Action: HOLD
[2025-04-12T20:12:08.278Z] Action: HOLD
[2025-04-12T20:12:09.566Z] Action: HOLD
[2025-04-12T20:12:10.725Z] Action: HOLD
[2025-04-12T20:12:11.862Z] Action: HOLD
[2025-04-12T20:12:13.217Z] Action: HOLD
[2025-04-12T20:12:14.330Z] Action: HOLD
[2025-04-12T20:12:15.548Z] Action: HOLD
[2025-04-12T20:12:16.686Z] Action: HOLD
[2025-04-12T20:12:17.818Z] Action: HOLD
[2025-04-12T20:12:18.987Z] Action: HOLD
[2025-04-12T20:12:20.124Z] Action: HOLD
[2025-04-12T20:12:21.257Z] Action: HOLD
[2025-04-12T20:12:22.414Z] Action: HOLD
[2025-04-12T20:12:23.563Z] Action: HOLD
[2025-04-12T20:12:24.730Z] Action: HOLD
[2025-04-12T20:12:25.879Z] Action: HOLD
[2025-04-12T20:12:27.007Z] Action: HOLD
[2025-04-12T20:12:28.149Z] Action: HOLD
[2025-04-12T20:12:29.300Z] Action: HOLD
[2025-04-12T20:12:30.598Z] Action: HOLD
[2025-04-12T20:12:31.743Z] Action: HOLD
[2025-04-12T20:12:32.896Z] Action: HOLD
[2025-04-12T20:12:34.056Z] Action: HOLD
[2025-04-12T20:12:35.268Z] Action: HOLD
[2025-04-12T20:12:36.533Z] Action: HOLD
[2025-04-12T20:12:37.664Z] Action: HOLD
[2025-04-12T20:12:38.854Z] Action: HOLD
[2025-04-12T20:12:40.006Z] Action: HOLD
[2025-04-12T20:12:41.735Z] Action: HOLD
[2025-04-12T20:12:42.881Z] Action: HOLD
[2025-04-12T20:12:44.030Z] Action: HOLD
[2025-04-12T20:12:45.197Z] Action: HOLD
[2025-04-12T20:12:46.323Z] Action: HOLD
[2025-04-12T20:12:47.476Z] Action: HOLD
[2025-04-12T20:12:48.606Z] Action: HOLD
[2025-04-12T20:12:50.119Z] Action: HOLD
[2025-04-12T20:12:51.261Z] Action: HOLD
[2025-04-12T20:12:52.386Z] Action: HOLD
[2025-04-12T20:12:53.537Z] Action: HOLD
[2025-04-12T20:12:54.658Z] Action: HOLD
[2025-04-12T20:12:55.840Z] Action: HOLD
[2025-04-12T20:12:57.073Z] Action: HOLD
[2025-04-12T20:12:58.214Z] Action: HOLD
[2025-04-12T20:12:59.829Z] Action: HOLD
[2025-04-12T20:13:00.956Z] Action: HOLD
[2025-04-12T20:13:02.173Z] Action: SELL
[2025-04-12T20:13:03.384Z] Action: SELL
[2025-04-12T20:13:04.603Z] Action: SELL
[2025-04-12T20:13:05.804Z] Action: SELL
[2025-04-12T20:13:06.994Z] Action: SELL
[2025-04-12T20:13:08.308Z] Action: SELL
[2025-04-12T20:13:09.559Z] Action: SELL
[2025-04-12T20:13:11.276Z] Action: SELL
[2025-04-12T20:13:12.514Z] Action: SELL
[2025-04-12T20:13:13.750Z] Action: SELL
[2025-04-12T20:13:14.978Z] Action: SELL
[2025-04-12T20:13:16.233Z] Action: SELL
[2025-04-12T20:13:17.857Z] Action: SELL
[2025-04-12T20:13:19.348Z] Action: SELL
[2025-04-12T20:13:20.638Z] Action: SELL
[2025-04-12T20:13:22.000Z] Action: SELL
[2025-04-12T20:13:23.203Z] Action: SELL
[2025-04-12T20:13:24.784Z] Action: SELL
[2025-04-12T20:13:25.971Z] Action: SELL
[2025-04-12T20:13:27.186Z] Action: SELL
[2025-04-12T20:13:28.383Z] Action: SELL
[2025-04-12T20:13:29.695Z] Action: SELL
[2025-04-12T20:13:30.875Z] Action: SELL
[2025-04-12T20:13:33.142Z] Action: SELL
[2025-04-12T20:13:34.328Z] Action: SELL
[2025-04-12T20:13:35.613Z] Action: SELL
[2025-04-12T20:13:36.921Z] Action: SELL
[2025-04-12T20:13:38.299Z] Action: SELL
[2025-04-12T20:13:39.516Z] Action: SELL
[2025-04-12T20:13:40.714Z] Action: SELL
[2025-04-12T20:13:41.962Z] Action: SELL
[2025-04-12T20:13:43.166Z] Action: SELL
[2025-04-12T20:13:44.360Z] Action: SELL
[2025-04-12T20:13:45.551Z] Action: SELL
[2025-04-12T20:13:46.736Z] Action: SELL
[2025-04-12T20:13:47.920Z] Action: SELL
[2025-04-12T20:13:49.090Z] Action: SELL
[2025-04-12T20:13:50.273Z] Action: SELL
[2025-04-12T20:13:51.474Z] Action: SELL
[2025-04-12T20:13:52.668Z] Action: SELL
[2025-04-12T20:13:53.864Z] Action: SELL
[2025-04-12T20:13:55.236Z] Action: SELL
[2025-04-12T20:13:56.434Z] Action: SELL
[2025-04-12T20:13:57.673Z] Action: SELL
[2025-04-12T20:13:59.281Z] Action: SELL
[2025-04-12T20:14:00.950Z] Action: SELL
[2025-04-12T20:14:02.151Z] Action: SELL
[2025-04-12T20:14:03.460Z] Action: SELL
[2025-04-12T20:14:04.642Z] Action: SELL
[2025-04-12T20:14:06.324Z] Action: SELL
[2025-04-12T20:14:07.528Z] Action: SELL
[2025-04-12T20:14:08.745Z] Action: SELL
[2025-04-12T20:14:09.949Z] Action: SELL
[2025-04-12T20:14:11.186Z] Action: SELL
[2025-04-12T20:14:12.412Z] Action: SELL
[2025-04-12T20:14:13.612Z] Action: SELL
[2025-04-12T20:14:14.843Z] Action: SELL
[2025-04-12T20:14:16.048Z] Action: SELL
[2025-04-12T20:14:17.430Z] Action: SELL
[2025-04-12T20:14:18.638Z] Action: SELL
[2025-04-12T20:14:19.865Z] Action: SELL
[2025-04-12T20:14:21.112Z] Action: SELL
[2025-04-12T20:14:22.321Z] Action: SELL
[2025-04-12T20:14:23.702Z] Action: SELL
[2025-04-12T20:14:24.923Z] Action: SELL
[2025-04-12T20:14:26.468Z] Action: SELL
[2025-04-12T20:14:27.687Z] Action: SELL
[2025-04-12T20:14:29.249Z] Action: SELL
[2025-04-12T20:14:30.819Z] Action: SELL
[2025-04-12T20:14:32.043Z] Action: SELL
[2025-04-12T20:14:33.237Z] Action: SELL
[2025-04-12T20:14:34.551Z] Action: SELL
[2025-04-12T20:14:36.133Z] Action: SELL
[2025-04-12T20:14:37.502Z] Action: SELL
[2025-04-12T20:14:38.682Z] Action: SELL
[2025-04-12T20:14:39.964Z] Action: SELL
[2025-04-12T20:14:41.569Z] Action: SELL
[2025-04-12T20:14:43.206Z] Action: SELL
[2025-04-12T20:14:44.485Z] Action: SELL
[2025-04-12T20:14:46.117Z] Action: SELL
[2025-04-12T20:14:47.330Z] Action: SELL
[2025-04-12T20:14:48.600Z] Action: SELL
[2025-04-12T20:14:49.815Z] Action: SELL
[2025-04-12T20:14:51.424Z] Action: SELL
[2025-04-12T20:14:52.657Z] Action: SELL
[2025-04-12T20:14:53.850Z] Action: SELL
[2025-04-12T20:14:55.040Z] Action: SELL
[2025-04-12T20:14:56.371Z] Action: SELL
[2025-04-12T20:14:57.601Z] Action: SELL
[2025-04-12T20:14:59.139Z] Action: SELL
[2025-04-12T20:15:00.375Z] Action: SELL
[2025-04-12T20:15:01.575Z] Action: SELL
[2025-04-12T20:15:02.760Z] Action: SELL
[2025-04-12T20:15:03.991Z] Action: SELL
[2025-04-12T20:15:05.591Z] Action: SELL
[2025-04-12T20:15:06.775Z] Action: SELL
[2025-04-12T20:15:07.954Z] Action: SELL
[2025-04-12T20:15:09.139Z] Action: SELL
[2025-04-12T20:15:10.352Z] Action: SELL
[2025-04-12T20:15:11.592Z] Action: SELL
[2025-04-12T20:15:12.806Z] Action: SELL
[2025-04-12T20:15:14.018Z] Action: SELL
[2025-04-12T20:15:15.205Z] Action: SELL
[2025-04-12T20:15:16.409Z] Action: SELL
[2025-04-12T20:15:17.589Z] Action: SELL
[2025-04-12T20:15:18.819Z] Action: SELL
[2025-04-12T20:15:20.010Z] Action: SELL
[2025-04-12T20:15:21.223Z] Action: SELL
[2025-04-12T20:15:22.423Z] Action: SELL
[2025-04-12T20:15:23.622Z] Action: SELL
[2025-04-12T20:15:24.887Z] Action: SELL
[2025-04-12T20:15:26.086Z] Action: SELL
[2025-04-12T20:15:27.280Z] Action: SELL
[2025-04-12T20:15:28.473Z] Action: SELL
[2025-04-12T20:15:29.656Z] Action: SELL
[2025-04-12T20:15:30.842Z] Action: SELL
[2025-04-12T20:15:32.445Z] Action: SELL
[2025-04-12T20:15:33.711Z] Action: SELL
[2025-04-12T20:15:34.963Z] Action: SELL
[2025-04-12T20:15:36.156Z] Action: SELL
[2025-04-12T20:15:37.373Z] Action: SELL
[2025-04-12T20:15:38.966Z] Action: SELL
[2025-04-12T20:15:40.205Z] Action: SELL
[2025-04-12T20:15:41.401Z] Action: SELL
[2025-04-12T20:15:43.043Z] Action: SELL
[2025-04-12T20:15:44.221Z] Action: SELL
[2025-04-12T20:15:45.405Z] Action: SELL
[2025-04-12T20:15:46.585Z] Action: SELL
[2025-04-12T20:15:47.781Z] Action: SELL
[2025-04-12T20:15:48.977Z] Action: SELL
[2025-04-12T20:15:50.163Z] Action: SELL
[2025-04-12T20:15:51.422Z] Action: SELL
[2025-04-12T20:15:52.709Z] Action: SELL
[2025-04-12T20:15:54.029Z] Action: SELL
[2025-04-12T20:15:55.225Z] Action: SELL
[2025-04-12T20:15:56.433Z] Action: SELL
[2025-04-12T20:15:57.643Z] Action: SELL
[2025-04-12T20:15:58.869Z] Action: SELL
[2025-04-12T20:16:00.097Z] Action: SELL
[2025-04-12T20:16:01.299Z] Action: SELL
[2025-04-12T20:16:02.416Z] Action: HOLD
[2025-04-12T20:16:03.541Z] Action: HOLD
[2025-04-12T20:16:05.053Z] Action: HOLD
[2025-04-12T20:16:06.273Z] Action: HOLD
[2025-04-12T20:16:07.399Z] Action: HOLD
[2025-04-12T20:16:08.664Z] Action: HOLD
[2025-04-12T20:16:10.199Z] Action: HOLD
[2025-04-12T20:16:11.334Z] Action: HOLD
[2025-04-12T20:16:12.483Z] Action: HOLD
[2025-04-12T20:16:13.640Z] Action: HOLD
[2025-04-12T20:16:15.067Z] Action: HOLD
[2025-04-12T20:16:16.264Z] Action: HOLD
[2025-04-12T20:16:17.470Z] Action: HOLD
[2025-04-12T20:16:18.634Z] Action: HOLD
[2025-04-12T20:16:19.791Z] Action: HOLD
[2025-04-12T20:16:21.032Z] Action: HOLD
[2025-04-12T20:16:22.224Z] Action: HOLD
[2025-04-12T20:16:23.841Z] Action: HOLD
[2025-04-12T20:16:24.971Z] Action: HOLD
[2025-04-12T20:16:26.097Z] Action: HOLD
[2025-04-12T20:16:27.210Z] Action: HOLD
[2025-04-12T20:16:28.328Z] Action: HOLD
[2025-04-12T20:16:29.480Z] Action: HOLD
[2025-04-12T20:16:30.595Z] Action: HOLD
[2025-04-12T20:16:31.742Z] Action: HOLD
[2025-04-12T20:16:32.906Z] Action: HOLD
[2025-04-12T20:16:34.055Z] Action: HOLD
[2025-04-12T20:16:35.190Z] Action: HOLD
[2025-04-12T20:16:36.316Z] Action: HOLD
[2025-04-12T20:16:37.468Z] Action: HOLD
[2025-04-12T20:16:38.616Z] Action: HOLD
[2025-04-12T20:16:39.763Z] Action: HOLD
[2025-04-12T20:16:40.899Z] Action: HOLD
[2025-04-12T20:16:42.051Z] Action: HOLD
[2025-04-12T20:16:43.171Z] Action: HOLD
[2025-04-12T20:16:44.320Z] Action: HOLD
[2025-04-12T20:16:45.474Z] Action: HOLD
[2025-04-12T20:16:46.681Z] Action: HOLD
[2025-04-12T20:16:47.838Z] Action: HOLD
[2025-04-12T20:16:49.121Z] Action: HOLD
[2025-04-12T20:16:50.251Z] Action: HOLD
[2025-04-12T20:16:51.375Z] Action: HOLD
[2025-04-12T20:16:52.542Z] Action: HOLD
[2025-04-12T20:16:53.661Z] Action: HOLD
[2025-04-12T20:16:54.784Z] Action: HOLD
[2025-04-12T20:16:55.901Z] Action: HOLD
[2025-04-12T20:16:57.016Z] Action: HOLD
[2025-04-12T20:16:58.135Z] Action: HOLD
[2025-04-12T20:16:59.260Z] Action: HOLD
[2025-04-12T20:17:00.783Z] Action: HOLD
[2025-04-12T20:17:01.931Z] Action: HOLD
[2025-04-12T20:17:03.067Z] Action: HOLD
[2025-04-12T20:17:04.219Z] Action: HOLD
[2025-04-12T20:17:05.352Z] Action: HOLD
[2025-04-12T20:17:06.468Z] Action: HOLD
[2025-04-12T20:17:07.589Z] Action: HOLD
[2025-04-12T20:17:08.719Z] Action: HOLD
[2025-04-12T20:17:09.871Z] Action: HOLD
[2025-04-12T20:17:10.998Z] Action: HOLD
[2025-04-12T20:17:12.140Z] Action: HOLD
[2025-04-12T20:17:13.287Z] Action: HOLD
[2025-04-12T20:17:14.487Z] Action: HOLD
[2025-04-12T20:17:15.999Z] Action: HOLD
[2025-04-12T20:17:17.120Z] Action: HOLD
[2025-04-12T20:17:18.251Z] Action: HOLD
[2025-04-12T20:17:19.380Z] Action: HOLD
[2025-04-12T20:17:20.499Z] Action: HOLD
[2025-04-12T20:17:21.713Z] Action: HOLD
[2025-04-12T20:17:22.985Z] Action: HOLD
[2025-04-12T20:17:24.138Z] Action: HOLD
[2025-04-12T20:17:25.250Z] Action: HOLD
[2025-04-12T20:17:26.387Z] Action: HOLD
[2025-04-12T20:17:27.505Z] Action: HOLD
[2025-04-12T20:17:29.396Z] Action: HOLD
[2025-04-12T20:17:30.541Z] Action: HOLD
[2025-04-12T20:17:31.909Z] Action: HOLD
[2025-04-12T20:17:33.040Z] Action: HOLD
[2025-04-12T20:17:34.275Z] Action: HOLD
[2025-04-12T20:17:35.450Z] Action: HOLD
[2025-04-12T20:17:36.656Z] Action: HOLD
[2025-04-12T20:17:37.782Z] Action: HOLD
[2025-04-12T20:17:39.325Z] Action: HOLD
[2025-04-12T20:17:40.460Z] Action: HOLD
[2025-04-12T20:17:41.611Z] Action: HOLD
[2025-04-12T20:17:42.925Z] Action: HOLD
[2025-04-12T20:17:44.067Z] Action: HOLD
[2025-04-12T20:17:45.189Z] Action: HOLD
[2025-04-12T20:17:46.305Z] Action: HOLD
[2025-04-12T20:17:47.458Z] Action: HOLD
[2025-04-12T20:17:48.587Z] Action: HOLD
[2025-04-12T20:17:49.735Z] Action: HOLD
[2025-04-12T20:17:51.125Z] Action: HOLD
[2025-04-12T20:17:52.248Z] Action: HOLD
[2025-04-12T20:17:53.500Z] Action: HOLD
[2025-04-12T20:17:54.626Z] Action: HOLD
[2025-04-12T20:17:55.791Z] Action: HOLD
[2025-04-12T20:17:56.933Z] Action: HOLD
[2025-04-12T20:17:58.090Z] Action: HOLD
[2025-04-12T20:17:59.347Z] Action: HOLD
[2025-04-12T20:18:00.492Z] Action: HOLD
[2025-04-12T20:18:01.780Z] Action: HOLD
[2025-04-12T20:18:02.918Z] Action: HOLD
[2025-04-12T20:18:04.048Z] Action: HOLD
[2025-04-12T20:18:05.190Z] Action: HOLD
[2025-04-12T20:18:06.326Z] Action: HOLD
[2025-04-12T20:18:07.881Z] Action: HOLD
[2025-04-12T20:18:09.014Z] Action: HOLD
[2025-04-12T20:18:10.158Z] Action: HOLD
[2025-04-12T20:18:11.307Z] Action: HOLD
[2025-04-12T20:18:12.521Z] Action: HOLD
[2025-04-12T20:18:13.653Z] Action: HOLD
[2025-04-12T20:18:14.794Z] Action: HOLD
[2025-04-12T20:18:15.953Z] Action: HOLD
[2025-04-12T20:18:17.186Z] Action: HOLD
[2025-04-12T20:18:18.699Z] Action: HOLD
[2025-04-12T20:18:19.895Z] Action: HOLD
[2025-04-12T20:18:21.031Z] Action: HOLD
[2025-04-12T20:18:22.170Z] Action: HOLD
[2025-04-12T20:18:23.314Z] Action: HOLD
[2025-04-12T20:18:24.483Z] Action: HOLD
[2025-04-12T20:18:25.639Z] Action: HOLD
[2025-04-12T20:18:27.274Z] Action: HOLD
[2025-04-12T20:18:28.401Z] Action: HOLD
[2025-04-12T20:18:29.537Z] Action: HOLD
[2025-04-12T20:18:30.677Z] Action: HOLD
[2025-04-12T20:18:31.835Z] Action: HOLD
[2025-04-12T20:18:33.126Z] Action: HOLD
[2025-04-12T20:18:34.309Z] Action: HOLD
[2025-04-12T20:18:35.439Z] Action: HOLD
[2025-04-12T20:18:36.559Z] Action: HOLD
[2025-04-12T20:18:37.694Z] Action: HOLD
[2025-04-12T20:18:38.835Z] Action: HOLD
[2025-04-12T20:18:39.975Z] Action: HOLD
[2025-04-12T20:18:41.141Z] Action: HOLD
[2025-04-12T20:18:42.261Z] Action: HOLD
[2025-04-12T20:18:43.382Z] Action: HOLD
[2025-04-12T20:18:44.543Z] Action: HOLD
[2025-04-12T20:18:45.682Z] Action: HOLD
[2025-04-12T20:18:47.030Z] Action: HOLD
[2025-04-12T20:18:48.166Z] Action: HOLD
[2025-04-12T20:18:49.305Z] Action: HOLD
[2025-04-12T20:18:50.473Z] Action: HOLD
[2025-04-12T20:18:51.594Z] Action: HOLD
[2025-04-12T20:18:52.916Z] Action: HOLD
[2025-04-12T20:18:54.043Z] Action: HOLD
[2025-04-12T20:18:55.376Z] Action: HOLD
[2025-04-12T20:18:56.926Z] Action: HOLD
[2025-04-12T20:18:58.061Z] Action: HOLD
[2025-04-12T20:18:59.188Z] Action: HOLD
[2025-04-12T20:19:00.318Z] Action: HOLD
[2025-04-12T20:19:01.459Z] Action: HOLD
[2025-04-12T20:19:02.628Z] Action: HOLD
[2025-04-12T20:19:03.844Z] Action: HOLD
[2025-04-12T20:19:04.992Z] Action: HOLD
[2025-04-12T20:19:06.294Z] Action: HOLD
[2025-04-12T20:19:07.438Z] Action: HOLD
[2025-04-12T20:19:08.578Z] Action: HOLD
[2025-04-12T20:19:09.955Z] Action: HOLD
[2025-04-12T20:19:11.483Z] Action: HOLD
[2025-04-12T20:19:12.890Z] Action: HOLD
[2025-04-12T20:19:14.029Z] Action: HOLD
[2025-04-12T20:19:15.563Z] Action: HOLD
[2025-04-12T20:19:17.142Z] Action: HOLD
[2025-04-12T20:19:18.305Z] Action: HOLD
[2025-04-12T20:19:19.866Z] Action: HOLD
[2025-04-12T20:19:21.011Z] Action: HOLD
[2025-04-12T20:19:22.147Z] Action: HOLD
[2025-04-12T20:19:23.377Z] Action: HOLD
[2025-04-12T20:19:24.502Z] Action: HOLD
[2025-04-12T20:19:25.754Z] Action: HOLD
[2025-04-12T20:19:26.955Z] Action: HOLD
[2025-04-12T20:19:28.080Z] Action: HOLD
[2025-04-12T20:19:29.248Z] Action: HOLD
[2025-04-12T20:19:30.392Z] Action: HOLD
[2025-04-12T20:19:31.519Z] Action: HOLD
[2025-04-12T20:19:32.787Z] Action: HOLD
[2025-04-12T20:19:34.297Z] Action: HOLD
[2025-04-12T20:19:35.569Z] Action: HOLD
[2025-04-12T20:19:36.712Z] Action: HOLD
[2025-04-12T20:19:37.866Z] Action: HOLD
[2025-04-12T20:19:39.015Z] Action: HOLD
[2025-04-12T20:19:40.135Z] Action: HOLD
[2025-04-12T20:19:41.298Z] Action: HOLD
[2025-04-12T20:19:42.427Z] Action: HOLD
[2025-04-12T20:19:43.590Z] Action: HOLD
[2025-04-12T20:19:44.721Z] Action: HOLD
[2025-04-12T20:19:45.866Z] Action: HOLD
[2025-04-12T20:19:46.996Z] Action: HOLD
[2025-04-12T20:19:48.124Z] Action: HOLD
[2025-04-12T20:19:49.243Z] Action: HOLD
[2025-04-12T20:19:50.370Z] Action: HOLD
[2025-04-12T20:19:51.532Z] Action: HOLD
[2025-04-12T20:19:52.664Z] Action: HOLD
[2025-04-12T20:19:53.784Z] Action: HOLD
[2025-04-12T20:19:54.920Z] Action: HOLD
[2025-04-12T20:19:56.070Z] Action: HOLD
[2025-04-12T20:19:57.192Z] Action: HOLD
[2025-04-12T20:19:58.315Z] Action: HOLD
[2025-04-12T20:19:59.435Z] Action: HOLD
[2025-04-12T20:20:00.998Z] Action: HOLD
[2025-04-12T20:20:02.164Z] Action: HOLD
[2025-04-12T20:20:03.313Z] Action: HOLD
[2025-04-12T20:20:04.564Z] Action: HOLD
[2025-04-12T20:20:05.711Z] Action: HOLD
[2025-04-12T20:20:06.935Z] Action: HOLD
[2025-04-12T20:20:08.161Z] Action: HOLD
[2025-04-12T20:20:09.294Z] Action: HOLD
[2025-04-12T20:20:10.427Z] Action: HOLD
[2025-04-12T20:20:11.556Z] Action: HOLD
[2025-04-12T20:20:12.674Z] Action: HOLD
[2025-04-12T20:20:13.807Z] Action: HOLD
[2025-04-12T20:20:14.924Z] Action: HOLD
[2025-04-12T20:20:16.096Z] Action: HOLD
[2025-04-12T20:20:17.654Z] Action: HOLD
[2025-04-12T20:20:18.778Z] Action: HOLD
[2025-04-12T20:20:19.898Z] Action: HOLD
[2025-04-12T20:20:21.017Z] Action: HOLD
[2025-04-12T20:20:22.433Z] Action: HOLD
[2025-04-12T20:20:23.554Z] Action: HOLD
[2025-04-12T20:20:24.701Z] Action: HOLD
[2025-04-12T20:20:26.236Z] Action: HOLD
[2025-04-12T20:20:27.413Z] Action: HOLD
[2025-04-12T20:20:28.719Z] Action: HOLD
[2025-04-12T20:20:29.851Z] Action: HOLD
[2025-04-12T20:20:30.989Z] Action: HOLD
[2025-04-12T20:20:32.097Z] Action: HOLD
[2025-04-12T20:20:33.206Z] Action: HOLD
[2025-04-12T20:20:34.540Z] Action: HOLD
[2025-04-12T20:20:35.713Z] Action: HOLD
[2025-04-12T20:20:37.211Z] Action: HOLD
[2025-04-12T20:20:38.358Z] Action: HOLD
[2025-04-12T20:20:39.531Z] Action: HOLD
[2025-04-12T20:20:40.924Z] Action: HOLD
[2025-04-12T20:20:42.063Z] Action: HOLD
[2025-04-12T20:20:43.671Z] Action: HOLD
[2025-04-12T20:20:44.833Z] Action: HOLD
[2025-04-12T20:20:46.094Z] Action: HOLD
[2025-04-12T20:20:47.241Z] Action: HOLD
[2025-04-12T20:20:48.433Z] Action: HOLD
[2025-04-12T20:20:49.953Z] Action: HOLD
[2025-04-12T20:20:51.178Z] Action: HOLD
[2025-04-12T20:20:52.350Z] Action: HOLD
[2025-04-12T20:20:53.463Z] Action: HOLD
[2025-04-12T20:20:54.577Z] Action: HOLD
[2025-04-12T20:20:55.700Z] Action: HOLD
[2025-04-12T20:20:56.830Z] Action: HOLD
[2025-04-12T20:20:57.943Z] Action: HOLD
[2025-04-12T20:21:00.301Z] Action: HOLD
[2025-04-12T20:21:01.444Z] Action: HOLD
[2025-04-12T20:21:02.585Z] Action: HOLD
[2025-04-12T20:21:03.745Z] Action: HOLD
[2025-04-12T20:21:04.868Z] Action: HOLD
[2025-04-12T20:21:06.017Z] Action: HOLD
[2025-04-12T20:21:07.134Z] Action: HOLD
[2025-04-12T20:21:08.384Z] Action: HOLD
[2025-04-12T20:21:09.511Z] Action: HOLD
[2025-04-12T20:21:10.636Z] Action: HOLD
[2025-04-12T20:21:11.891Z] Action: HOLD
[2025-04-12T20:21:13.000Z] Action: HOLD
[2025-04-12T20:21:14.131Z] Action: HOLD
[2025-04-12T20:21:15.250Z] Action: HOLD
[2025-04-12T20:21:16.373Z] Action: HOLD
[2025-04-12T20:21:17.494Z] Action: HOLD
[2025-04-12T20:21:18.615Z] Action: HOLD
[2025-04-12T20:21:19.742Z] Action: HOLD
[2025-04-12T20:21:20.863Z] Action: HOLD
[2025-04-12T20:21:21.988Z] Action: HOLD
[2025-04-12T20:21:23.102Z] Action: HOLD
[2025-04-12T20:21:24.218Z] Action: HOLD
[2025-04-12T20:21:25.336Z] Action: HOLD
[2025-04-12T20:21:26.445Z] Action: HOLD
[2025-04-12T20:21:27.712Z] Action: HOLD
[2025-04-12T20:21:28.830Z] Action: HOLD
[2025-04-12T20:21:29.957Z] Action: HOLD
[2025-04-12T20:21:31.108Z] Action: HOLD
[2025-04-12T20:21:32.249Z] Action: HOLD
[2025-04-12T20:21:33.546Z] Action: HOLD
[2025-04-12T20:21:34.690Z] Action: HOLD
[2025-04-12T20:21:35.830Z] Action: HOLD
[2025-04-12T20:21:36.949Z] Action: HOLD
[2025-04-12T20:21:38.152Z] Action: HOLD
[2025-04-12T20:21:39.277Z] Action: HOLD
[2025-04-12T20:21:40.418Z] Action: HOLD
[2025-04-12T20:21:41.545Z] Action: HOLD
[2025-04-12T20:21:42.669Z] Action: HOLD
[2025-04-12T20:21:43.785Z] Action: HOLD
[2025-04-12T20:21:44.964Z] Action: HOLD
[2025-04-12T20:21:46.085Z] Action: HOLD
[2025-04-12T20:21:47.216Z] Action: HOLD
[2025-04-12T20:21:48.366Z] Action: HOLD
[2025-04-12T20:21:49.504Z] Action: HOLD
[2025-04-12T20:21:50.638Z] Action: HOLD
[2025-04-12T20:21:51.760Z] Action: HOLD
[2025-04-12T20:21:52.893Z] Action: HOLD
[2025-04-12T20:21:54.012Z] Action: HOLD
[2025-04-12T20:21:55.512Z] Action: HOLD
[2025-04-12T20:21:56.643Z] Action: HOLD
[2025-04-12T20:21:57.772Z] Action: HOLD
[2025-04-12T20:21:58.914Z] Action: HOLD
[2025-04-12T20:22:00.039Z] Action: HOLD
[2025-04-12T20:22:01.652Z] Action: HOLD
[2025-04-12T20:22:02.777Z] Action: HOLD
[2025-04-12T20:22:03.916Z] Action: HOLD
[2025-04-12T20:22:05.050Z] Action: HOLD
[2025-04-12T20:22:06.179Z] Action: HOLD
[2025-04-12T20:22:07.329Z] Action: HOLD
[2025-04-12T20:22:08.467Z] Action: HOLD
[2025-04-12T20:22:09.625Z] Action: HOLD
[2025-04-12T20:22:10.743Z] Action: HOLD
[2025-04-12T20:22:11.889Z] Action: HOLD
[2025-04-12T20:22:13.017Z] Action: HOLD
[2025-04-12T20:22:14.143Z] Action: HOLD
[2025-04-12T20:22:15.281Z] Action: HOLD
[2025-04-12T20:22:16.399Z] Action: HOLD
[2025-04-12T20:22:17.524Z] Action: HOLD
[2025-04-12T20:22:18.658Z] Action: HOLD
[2025-04-12T20:22:20.184Z] Action: HOLD
[2025-04-12T20:22:21.313Z] Action: HOLD
[2025-04-12T20:22:22.422Z] Action: HOLD
[2025-04-12T20:22:23.604Z] Action: HOLD
[2025-04-12T20:22:24.731Z] Action: HOLD
[2025-04-12T20:22:25.847Z] Action: HOLD
[2025-04-12T20:22:26.961Z] Action: HOLD
[2025-04-12T20:22:28.104Z] Action: HOLD
[2025-04-12T20:22:29.235Z] Action: HOLD
[2025-04-12T20:22:30.369Z] Action: HOLD
[2025-04-12T20:22:31.512Z] Action: HOLD
[2025-04-12T20:22:32.631Z] Action: HOLD
[2025-04-12T20:22:33.782Z] Action: HOLD
[2025-04-12T20:22:35.377Z] Action: HOLD
[2025-04-12T20:22:36.510Z] Action: HOLD
[2025-04-12T20:22:37.644Z] Action: HOLD
[2025-04-12T20:22:38.757Z] Action: HOLD
[2025-04-12T20:22:39.888Z] Action: HOLD
[2025-04-12T20:22:41.019Z] Action: HOLD
[2025-04-12T20:22:42.141Z] Action: HOLD
[2025-04-12T20:22:43.268Z] Action: HOLD
[2025-04-12T20:22:44.399Z] Action: HOLD
[2025-04-12T20:22:45.516Z] Action: HOLD
[2025-04-12T20:22:46.672Z] Action: HOLD
[2025-04-12T20:22:47.794Z] Action: HOLD
[2025-04-12T20:22:49.349Z] Action: HOLD
[2025-04-12T20:22:50.865Z] Action: HOLD
[2025-04-12T20:22:51.988Z] Action: HOLD
[2025-04-12T20:22:53.113Z] Action: HOLD
[2025-04-12T20:22:54.243Z] Action: HOLD
[2025-04-12T20:22:55.446Z] Action: HOLD
[2025-04-12T20:22:56.589Z] Action: HOLD
[2025-04-12T20:22:57.830Z] Action: HOLD
[2025-04-12T20:22:59.315Z] Action: HOLD
[2025-04-12T20:23:00.814Z] Action: HOLD
[2025-04-12T20:23:01.926Z] Action: HOLD
[2025-04-12T20:23:03.142Z] Action: HOLD
[2025-04-12T20:23:04.279Z] Action: HOLD
[2025-04-12T20:23:05.393Z] Action: HOLD
[2025-04-12T20:23:06.512Z] Action: HOLD
[2025-04-12T20:23:07.639Z] Action: HOLD
[2025-04-12T20:23:08.777Z] Action: HOLD
[2025-04-12T20:23:09.896Z] Action: HOLD
[2025-04-12T20:23:11.041Z] Action: HOLD
[2025-04-12T20:23:12.155Z] Action: HOLD
[2025-04-12T20:23:13.280Z] Action: HOLD
[2025-04-12T20:23:14.426Z] Action: HOLD
[2025-04-12T20:23:15.554Z] Action: HOLD
[2025-04-12T20:23:16.678Z] Action: HOLD
[2025-04-12T20:23:17.807Z] Action: HOLD
[2025-04-12T20:23:18.922Z] Action: HOLD
[2025-04-12T20:23:20.106Z] Action: HOLD
[2025-04-12T20:23:21.218Z] Action: HOLD
[2025-04-12T20:23:22.334Z] Action: HOLD
[2025-04-12T20:23:23.443Z] Action: HOLD
[2025-04-12T20:23:24.555Z] Action: HOLD
[2025-04-12T20:23:25.685Z] Action: HOLD
[2025-04-12T20:23:26.817Z] Action: HOLD
[2025-04-12T20:23:27.984Z] Action: HOLD
[2025-04-12T20:23:29.176Z] Action: HOLD
[2025-04-12T20:23:30.306Z] Action: HOLD
[2025-04-12T20:23:31.556Z] Action: HOLD
[2025-04-12T20:23:32.700Z] Action: HOLD
[2025-04-12T20:23:33.818Z] Action: HOLD
[2025-04-12T20:23:35.326Z] Action: HOLD
[2025-04-12T20:23:36.444Z] Action: HOLD
[2025-04-12T20:23:37.713Z] Action: HOLD
[2025-04-12T20:23:38.879Z] Action: HOLD
[2025-04-12T20:23:40.031Z] Action: HOLD
[2025-04-12T20:23:41.559Z] Action: HOLD
[2025-04-12T20:23:42.700Z] Action: HOLD
[2025-04-12T20:23:44.000Z] Action: HOLD
[2025-04-12T20:23:45.148Z] Action: HOLD
[2025-04-12T20:23:46.297Z] Action: HOLD
[2025-04-12T20:23:47.624Z] Action: HOLD
[2025-04-12T20:23:48.747Z] Action: HOLD
[2025-04-12T20:23:49.878Z] Action: HOLD
[2025-04-12T20:23:51.000Z] Action: HOLD
[2025-04-12T20:23:52.229Z] Action: HOLD
[2025-04-12T20:23:53.344Z] Action: HOLD
[2025-04-12T20:23:54.465Z] Action: HOLD
[2025-04-12T20:23:55.625Z] Action: HOLD
[2025-04-12T20:23:56.757Z] Action: HOLD
[2025-04-12T20:23:57.873Z] Action: HOLD
[2025-04-12T20:23:59.033Z] Action: HOLD
[2025-04-12T20:24:00.268Z] Action: HOLD
[2025-04-12T20:24:01.385Z] Action: HOLD
[2025-04-12T20:24:02.512Z] Action: HOLD
[2025-04-12T20:24:03.684Z] Action: HOLD
[2025-04-12T20:24:04.826Z] Action: HOLD
[2025-04-12T20:24:05.959Z] Action: HOLD
[2025-04-12T20:24:07.267Z] Action: HOLD
[2025-04-12T20:24:08.399Z] Action: HOLD
[2025-04-12T20:24:09.754Z] Action: HOLD
[2025-04-12T20:24:10.936Z] Action: HOLD
[2025-04-12T20:24:12.083Z] Action: HOLD
[2025-04-12T20:24:13.230Z] Action: HOLD
[2025-04-12T20:24:14.342Z] Action: HOLD
[2025-04-12T20:24:15.486Z] Action: HOLD
[2025-04-12T20:24:16.618Z] Action: HOLD
[2025-04-12T20:24:18.147Z] Action: HOLD
[2025-04-12T20:24:19.300Z] Action: HOLD
[2025-04-12T20:24:20.478Z] Action: HOLD
[2025-04-12T20:24:21.721Z] Action: HOLD
[2025-04-12T20:24:22.862Z] Action: HOLD
[2025-04-12T20:24:24.049Z] Action: HOLD
[2025-04-12T20:24:25.239Z] Action: HOLD
[2025-04-12T20:24:26.372Z] Action: HOLD
[2025-04-12T20:24:27.577Z] Action: HOLD
[2025-04-12T20:24:28.699Z] Action: HOLD
[2025-04-12T20:24:29.829Z] Action: HOLD
[2025-04-12T20:24:30.961Z] Action: HOLD
[2025-04-12T20:24:32.100Z] Action: HOLD
[2025-04-12T20:24:33.249Z] Action: HOLD
[2025-04-12T20:24:34.379Z] Action: HOLD
[2025-04-12T20:24:35.541Z] Action: HOLD
[2025-04-12T20:24:36.652Z] Action: HOLD
[2025-04-12T20:24:37.788Z] Action: HOLD
[2025-04-12T20:24:38.931Z] Action: HOLD
[2025-04-12T20:24:40.050Z] Action: HOLD
[2025-04-12T20:24:41.257Z] Action: HOLD
[2025-04-12T20:24:42.390Z] Action: HOLD
[2025-04-12T20:24:43.546Z] Action: HOLD
[2025-04-12T20:24:44.678Z] Action: HOLD
[2025-04-12T20:24:45.827Z] Action: HOLD
[2025-04-12T20:24:47.029Z] Action: HOLD
[2025-04-12T20:24:48.139Z] Action: HOLD
[2025-04-12T20:24:49.272Z] Action: HOLD
[2025-04-12T20:24:50.886Z] Action: HOLD
[2025-04-12T20:24:52.422Z] Action: HOLD
[2025-04-12T20:24:53.567Z] Action: HOLD
[2025-04-12T20:24:54.704Z] Action: HOLD
[2025-04-12T20:24:55.834Z] Action: HOLD
[2025-04-12T20:24:56.975Z] Action: HOLD
[2025-04-12T20:24:58.144Z] Action: HOLD
[2025-04-12T20:24:59.291Z] Action: HOLD
[2025-04-12T20:25:00.429Z] Action: HOLD
[2025-04-12T20:25:01.965Z] Action: HOLD
[2025-04-12T20:25:03.093Z] Action: HOLD
[2025-04-12T20:25:04.250Z] Action: HOLD
[2025-04-12T20:25:05.400Z] Action: HOLD
[2025-04-12T20:25:06.545Z] Action: HOLD
[2025-04-12T20:25:07.766Z] Action: HOLD
[2025-04-12T20:25:08.921Z] Action: HOLD
[2025-04-12T20:25:10.105Z] Action: HOLD
[2025-04-12T20:25:11.233Z] Action: HOLD
[2025-04-12T20:25:12.502Z] Action: HOLD
[2025-04-12T20:25:13.651Z] Action: HOLD
[2025-04-12T20:25:14.776Z] Action: HOLD
[2025-04-12T20:25:15.934Z] Action: HOLD
[2025-04-12T20:25:17.060Z] Action: HOLD
[2025-04-12T20:25:18.198Z] Action: HOLD
[2025-04-12T20:25:19.329Z] Action: HOLD
[2025-04-12T20:25:20.470Z] Action: HOLD
[2025-04-12T20:25:21.609Z] Action: HOLD
[2025-04-12T20:25:22.760Z] Action: HOLD
[2025-04-12T20:25:23.976Z] Action: HOLD
[2025-04-12T20:25:25.102Z] Action: HOLD
[2025-04-12T20:25:26.237Z] Action: HOLD
[2025-04-12T20:25:27.464Z] Action: HOLD
[2025-04-12T20:25:28.605Z] Action: HOLD
[2025-04-12T20:25:29.738Z] Action: HOLD
[2025-04-12T20:25:31.273Z] Action: HOLD
[2025-04-12T20:25:32.545Z] Action: HOLD
[2025-04-12T20:25:33.679Z] Action: HOLD
[2025-04-12T20:25:34.857Z] Action: HOLD
[2025-04-12T20:25:35.989Z] Action: HOLD
[2025-04-12T20:25:37.388Z] Action: HOLD
[2025-04-12T20:25:38.555Z] Action: HOLD
[2025-04-12T20:25:39.799Z] Action: HOLD
[2025-04-12T20:25:40.962Z] Action: HOLD
[2025-04-12T20:25:42.072Z] Action: HOLD
[2025-04-12T20:25:43.222Z] Action: HOLD
[2025-04-12T20:25:44.374Z] Action: HOLD
[2025-04-12T20:25:45.930Z] Action: HOLD
[2025-04-12T20:25:47.073Z] Action: HOLD
[2025-04-12T20:25:48.192Z] Action: HOLD
[2025-04-12T20:25:49.314Z] Action: HOLD
[2025-04-12T20:25:50.927Z] Action: HOLD
[2025-04-12T20:25:52.044Z] Action: HOLD
[2025-04-12T20:25:53.162Z] Action: HOLD
[2025-04-12T20:25:54.286Z] Action: HOLD
[2025-04-12T20:25:55.446Z] Action: HOLD
[2025-04-12T20:25:56.567Z] Action: HOLD
[2025-04-12T20:25:57.686Z] Action: HOLD
[2025-04-12T20:25:58.822Z] Action: HOLD
[2025-04-12T20:25:59.972Z] Action: HOLD
[2025-04-12T20:26:01.097Z] Action: HOLD
[2025-04-12T20:26:02.252Z] Action: HOLD
[2025-04-12T20:26:03.414Z] Action: HOLD
[2025-04-12T20:26:04.546Z] Action: HOLD
[2025-04-12T20:26:05.665Z] Action: HOLD
[2025-04-12T20:26:06.803Z] Action: HOLD
[2025-04-12T20:26:07.930Z] Action: HOLD
[2025-04-12T20:26:09.448Z] Action: HOLD
[2025-04-12T20:26:10.569Z] Action: HOLD
[2025-04-12T20:26:11.691Z] Action: HOLD
[2025-04-12T20:26:12.819Z] Action: HOLD
[2025-04-12T20:26:13.948Z] Action: HOLD
[2025-04-12T20:26:15.089Z] Action: HOLD
[2025-04-12T20:26:16.602Z] Action: HOLD
[2025-04-12T20:26:17.729Z] Action: HOLD
[2025-04-12T20:26:18.979Z] Action: HOLD
[2025-04-12T20:26:20.134Z] Action: HOLD
[2025-04-12T20:26:21.289Z] Action: HOLD
[2025-04-12T20:26:22.424Z] Action: HOLD
[2025-04-12T20:26:23.571Z] Action: HOLD
[2025-04-12T20:26:24.915Z] Action: HOLD
[2025-04-12T20:26:26.077Z] Action: HOLD
[2025-04-12T20:26:27.353Z] Action: HOLD
[2025-04-12T20:26:28.493Z] Action: HOLD
[2025-04-12T20:26:29.631Z] Action: HOLD
[2025-04-12T20:26:30.776Z] Action: HOLD
[2025-04-12T20:26:31.899Z] Action: HOLD
[2025-04-12T20:26:33.208Z] Action: HOLD
[2025-04-12T20:26:34.351Z] Action: HOLD
[2025-04-12T20:26:35.487Z] Action: HOLD
[2025-04-12T20:26:36.626Z] Action: HOLD
[2025-04-12T20:26:37.755Z] Action: HOLD
[2025-04-12T20:26:38.879Z] Action: HOLD
[2025-04-12T20:26:40.019Z] Action: HOLD
[2025-04-12T20:26:41.201Z] Action: HOLD
[2025-04-12T20:26:42.325Z] Action: HOLD
[2025-04-12T20:26:43.882Z] Action: HOLD
[2025-04-12T20:26:45.037Z] Action: HOLD
[2025-04-12T20:26:46.563Z] Action: HOLD
[2025-04-12T20:26:47.690Z] Action: HOLD
[2025-04-12T20:26:48.808Z] Action: HOLD
[2025-04-12T20:26:49.924Z] Action: HOLD
[2025-04-12T20:26:51.044Z] Action: HOLD
[2025-04-12T20:26:52.173Z] Action: HOLD
[2025-04-12T20:26:53.293Z] Action: HOLD
[2025-04-12T20:26:54.449Z] Action: HOLD
[2025-04-12T20:26:55.590Z] Action: HOLD
[2025-04-12T20:26:56.710Z] Action: HOLD
[2025-04-12T20:26:57.838Z] Action: HOLD
[2025-04-12T20:26:58.962Z] Action: HOLD
[2025-04-12T20:27:00.090Z] Action: HOLD
[2025-04-12T20:27:01.241Z] Action: HOLD
[2025-04-12T20:27:02.503Z] Action: HOLD
[2025-04-12T20:27:03.656Z] Action: HOLD
[2025-04-12T20:27:04.776Z] Action: HOLD
[2025-04-12T20:27:05.898Z] Action: HOLD
[2025-04-12T20:27:07.009Z] Action: HOLD
[2025-04-12T20:27:08.138Z] Action: HOLD
[2025-04-12T20:27:09.267Z] Action: HOLD
[2025-04-12T20:27:10.412Z] Action: HOLD
[2025-04-12T20:27:11.567Z] Action: HOLD
[2025-04-12T20:27:12.697Z] Action: HOLD
[2025-04-12T20:27:13.843Z] Action: HOLD
[2025-04-12T20:27:14.975Z] Action: HOLD
[2025-04-12T20:27:16.084Z] Action: HOLD
[2025-04-12T20:27:17.249Z] Action: HOLD
[2025-04-12T20:27:18.454Z] Action: HOLD
[2025-04-12T20:27:19.598Z] Action: HOLD
[2025-04-12T20:27:20.734Z] Action: HOLD
[2025-04-12T20:27:21.872Z] Action: HOLD
[2025-04-12T20:27:23.095Z] Action: HOLD
[2025-04-12T20:27:24.213Z] Action: HOLD
[2025-04-12T20:27:26.106Z] Action: HOLD
[2025-04-12T20:27:27.220Z] Action: HOLD
[2025-04-12T20:27:28.341Z] Action: HOLD
[2025-04-12T20:27:29.465Z] Action: HOLD
[2025-04-12T20:27:30.589Z] Action: HOLD
[2025-04-12T20:27:31.810Z] Action: HOLD
[2025-04-12T20:27:32.931Z] Action: HOLD
[2025-04-12T20:27:34.064Z] Action: HOLD
[2025-04-12T20:27:35.195Z] Action: HOLD
[2025-04-12T20:27:36.323Z] Action: HOLD
[2025-04-12T20:27:37.443Z] Action: HOLD
[2025-04-12T20:27:38.595Z] Action: HOLD
[2025-04-12T20:27:39.714Z] Action: HOLD
[2025-04-12T20:27:40.849Z] Action: HOLD
[2025-04-12T20:27:42.013Z] Action: HOLD
[2025-04-12T20:27:43.163Z] Action: HOLD
[2025-04-12T20:27:44.697Z] Action: HOLD
[2025-04-12T20:27:45.837Z] Action: HOLD
[2025-04-12T20:27:46.983Z] Action: HOLD
[2025-04-12T20:27:48.138Z] Action: HOLD
[2025-04-12T20:27:49.365Z] Action: HOLD
[2025-04-12T20:27:50.491Z] Action: HOLD
[2025-04-12T20:27:51.637Z] Action: HOLD
[2025-04-12T20:27:52.851Z] Action: HOLD
[2025-04-12T20:27:54.021Z] Action: HOLD
[2025-04-12T20:27:55.292Z] Action: HOLD
[2025-04-12T20:27:56.405Z] Action: HOLD
[2025-04-12T20:27:57.523Z] Action: HOLD
[2025-04-12T20:27:58.664Z] Action: HOLD
[2025-04-12T20:27:59.790Z] Action: HOLD
[2025-04-12T20:28:00.941Z] Action: HOLD
[2025-04-12T20:28:02.062Z] Action: HOLD
[2025-04-12T20:28:03.185Z] Action: HOLD
[2025-04-12T20:28:04.306Z] Action: HOLD
[2025-04-12T20:28:05.435Z] Action: HOLD
[2025-04-12T20:28:06.567Z] Action: HOLD
[2025-04-12T20:28:07.693Z] Action: HOLD
[2025-04-12T20:28:08.828Z] Action: HOLD
[2025-04-12T20:28:10.365Z] Action: HOLD
[2025-04-12T20:28:11.478Z] Action: HOLD
[2025-04-12T20:28:12.607Z] Action: HOLD
[2025-04-12T20:28:13.723Z] Action: HOLD
[2025-04-12T20:28:14.842Z] Action: HOLD
[2025-04-12T20:28:15.962Z] Action: HOLD
[2025-04-12T20:28:17.082Z] Action: HOLD
[2025-04-12T20:28:18.207Z] Action: HOLD
[2025-04-12T20:28:19.348Z] Action: HOLD
[2025-04-12T20:28:20.462Z] Action: HOLD
[2025-04-12T20:28:21.576Z] Action: HOLD
[2025-04-12T20:28:22.799Z] Action: HOLD
[2025-04-12T20:28:23.911Z] Action: HOLD
[2025-04-12T20:28:25.103Z] Action: HOLD
[2025-04-12T20:28:26.253Z] Action: HOLD
[2025-04-12T20:28:27.379Z] Action: HOLD
[2025-04-12T20:28:28.516Z] Action: HOLD
[2025-04-12T20:28:29.649Z] Action: HOLD
[2025-04-12T20:28:30.777Z] Action: HOLD
[2025-04-12T20:28:31.900Z] Action: HOLD
[2025-04-12T20:28:33.408Z] Action: HOLD
[2025-04-12T20:28:34.533Z] Action: HOLD
[2025-04-12T20:28:35.669Z] Action: HOLD
[2025-04-12T20:28:36.801Z] Action: HOLD
[2025-04-12T20:28:37.915Z] Action: HOLD
[2025-04-12T20:28:39.035Z] Action: HOLD
[2025-04-12T20:28:40.168Z] Action: HOLD
[2025-04-12T20:28:41.292Z] Action: HOLD
[2025-04-12T20:28:42.812Z] Action: HOLD
[2025-04-12T20:28:43.968Z] Action: HOLD
[2025-04-12T20:28:45.119Z] Action: HOLD
[2025-04-12T20:28:46.247Z] Action: HOLD
[2025-04-12T20:28:47.359Z] Action: HOLD
[2025-04-12T20:28:48.565Z] Action: HOLD
[2025-04-12T20:28:49.694Z] Action: HOLD
[2025-04-12T20:28:50.848Z] Action: HOLD
[2025-04-12T20:28:52.086Z] Action: HOLD
[2025-04-12T20:28:53.227Z] Action: HOLD
[2025-04-12T20:28:54.365Z] Action: HOLD
[2025-04-12T20:28:55.499Z] Action: HOLD
[2025-04-12T20:28:56.652Z] Action: HOLD
[2025-04-12T20:28:57.856Z] Action: HOLD
[2025-04-12T20:28:58.995Z] Action: HOLD
[2025-04-12T20:29:00.636Z] Action: HOLD
[2025-04-12T20:29:01.841Z] Action: HOLD
[2025-04-12T20:29:03.035Z] Action: HOLD
[2025-04-12T20:29:04.369Z] Action: HOLD
[2025-04-12T20:29:05.494Z] Action: HOLD
[2025-04-12T20:29:06.616Z] Action: HOLD
[2025-04-12T20:29:07.754Z] Action: HOLD
[2025-04-12T20:29:09.289Z] Action: HOLD
[2025-04-12T20:29:10.424Z] Action: HOLD
[2025-04-12T20:29:11.979Z] Action: HOLD
[2025-04-12T20:29:15.231Z] Action: HOLD
[2025-04-12T20:29:16.439Z] Action: HOLD
[2025-04-12T20:29:17.959Z] Action: HOLD
[2025-04-12T20:29:19.097Z] Action: HOLD
[2025-04-12T20:29:20.379Z] Action: HOLD
[2025-04-12T20:29:21.529Z] Action: HOLD
[2025-04-12T20:29:22.800Z] Action: HOLD
[2025-04-12T20:29:23.940Z] Action: HOLD
[2025-04-12T20:29:25.086Z] Action: HOLD
[2025-04-12T20:29:26.261Z] Action: HOLD
[2025-04-12T20:29:27.389Z] Action: HOLD
[2025-04-12T20:29:28.502Z] Action: HOLD
[2025-04-12T20:29:29.733Z] Action: HOLD
[2025-04-12T20:29:31.057Z] Action: HOLD
[2025-04-12T20:29:32.176Z] Action: HOLD
[2025-04-12T20:29:33.317Z] Action: HOLD
[2025-04-12T20:29:34.588Z] Action: HOLD
[2025-04-12T20:29:35.712Z] Action: HOLD
[2025-04-12T20:29:36.848Z] Action: HOLD
[2025-04-12T20:29:37.980Z] Action: HOLD
[2025-04-12T20:29:39.116Z] Action: HOLD
[2025-04-12T20:29:40.649Z] Action: HOLD
[2025-04-12T20:29:41.778Z] Action: HOLD
[2025-04-12T20:29:42.897Z] Action: HOLD
[2025-04-12T20:29:44.027Z] Action: HOLD
[2025-04-12T20:29:45.180Z] Action: HOLD
[2025-04-12T20:29:46.311Z] Action: HOLD
[2025-04-12T20:29:47.470Z] Action: HOLD
[2025-04-12T20:29:48.593Z] Action: HOLD
[2025-04-12T20:29:49.747Z] Action: HOLD
[2025-04-12T20:29:50.870Z] Action: HOLD
[2025-04-12T20:29:51.986Z] Action: HOLD
[2025-04-12T20:29:53.141Z] Action: HOLD
[2025-04-12T20:29:54.267Z] Action: HOLD
[2025-04-12T20:29:55.408Z] Action: HOLD
[2025-04-12T20:29:56.535Z] Action: HOLD
[2025-04-12T20:29:57.673Z] Action: HOLD
[2025-04-12T20:29:58.904Z] Action: HOLD
[2025-04-12T20:30:00.067Z] Action: HOLD
[2025-04-12T20:30:01.260Z] Action: HOLD
[2025-04-12T20:30:02.394Z] Action: HOLD
[2025-04-12T20:30:03.659Z] Action: SELL
[2025-04-12T20:30:05.038Z] Action: SELL
[2025-04-12T20:30:06.261Z] Action: SELL
[2025-04-12T20:30:07.966Z] Action: SELL
[2025-04-12T20:30:09.171Z] Action: SELL
[2025-04-12T20:30:10.432Z] Action: SELL
[2025-04-12T20:30:11.684Z] Action: SELL
[2025-04-12T20:30:12.914Z] Action: SELL
[2025-04-12T20:30:14.494Z] Action: SELL
[2025-04-12T20:30:15.760Z] Action: SELL
[2025-04-12T20:30:17.394Z] Action: SELL
[2025-04-12T20:30:18.608Z] Action: SELL
[2025-04-12T20:30:19.782Z] Action: SELL
[2025-04-12T20:30:20.953Z] Action: SELL
[2025-04-12T20:30:22.166Z] Action: SELL
[2025-04-12T20:30:23.343Z] Action: SELL
[2025-04-12T20:30:24.740Z] Action: SELL
[2025-04-12T20:30:25.973Z] Action: SELL
[2025-04-12T20:30:27.428Z] Action: SELL
[2025-04-12T20:30:28.617Z] Action: SELL
[2025-04-12T20:30:29.808Z] Action: SELL
[2025-04-12T20:30:30.998Z] Action: SELL
[2025-04-12T20:30:32.185Z] Action: SELL
[2025-04-12T20:30:33.760Z] Action: SELL
[2025-04-12T20:30:34.952Z] Action: SELL
[2025-04-12T20:30:36.182Z] Action: SELL
[2025-04-12T20:30:37.364Z] Action: SELL
[2025-04-12T20:30:38.576Z] Action: SELL
[2025-04-12T20:30:39.772Z] Action: SELL
[2025-04-12T20:30:40.976Z] Action: SELL
[2025-04-12T20:30:42.161Z] Action: SELL
[2025-04-12T20:30:43.345Z] Action: SELL
[2025-04-12T20:30:45.305Z] Action: SELL
[2025-04-12T20:30:46.485Z] Action: SELL
[2025-04-12T20:30:47.681Z] Action: SELL
[2025-04-12T20:30:48.868Z] Action: SELL
[2025-04-12T20:30:50.246Z] Action: SELL
[2025-04-12T20:30:51.446Z] Action: SELL
[2025-04-12T20:30:53.018Z] Action: SELL
[2025-04-12T20:30:54.226Z] Action: SELL
[2025-04-12T20:30:55.423Z] Action: SELL
[2025-04-12T20:30:56.594Z] Action: SELL
[2025-04-12T20:30:58.211Z] Action: SELL
[2025-04-12T20:30:59.394Z] Action: SELL
[2025-04-12T20:31:00.590Z] Action: SELL
[2025-04-12T20:31:01.947Z] Action: SELL
[2025-04-12T20:31:03.125Z] Action: SELL
[2025-04-12T20:31:04.267Z] Action: HOLD
[2025-04-12T20:31:05.747Z] Action: HOLD
[2025-04-12T20:31:07.275Z] Action: HOLD
[2025-04-12T20:31:08.412Z] Action: HOLD
[2025-04-12T20:31:09.559Z] Action: HOLD
[2025-04-12T20:31:10.696Z] Action: HOLD
[2025-04-12T20:31:11.837Z] Action: HOLD
[2025-04-12T20:31:12.983Z] Action: HOLD
[2025-04-12T20:31:14.124Z] Action: HOLD
[2025-04-12T20:31:15.259Z] Action: HOLD
[2025-04-12T20:31:16.404Z] Action: HOLD
[2025-04-12T20:31:17.524Z] Action: HOLD
[2025-04-12T20:31:18.675Z] Action: HOLD
[2025-04-12T20:31:19.790Z] Action: HOLD
[2025-04-12T20:31:20.921Z] Action: HOLD
[2025-04-12T20:31:22.076Z] Action: HOLD
[2025-04-12T20:31:23.202Z] Action: HOLD
[2025-04-12T20:31:24.335Z] Action: HOLD
[2025-04-12T20:31:25.565Z] Action: HOLD
[2025-04-12T20:31:26.697Z] Action: HOLD
[2025-04-12T20:31:27.851Z] Action: HOLD
[2025-04-12T20:31:29.007Z] Action: HOLD
[2025-04-12T20:31:30.173Z] Action: HOLD
[2025-04-12T20:31:31.317Z] Action: HOLD
[2025-04-12T20:31:32.484Z] Action: HOLD
[2025-04-12T20:31:33.618Z] Action: HOLD
[2025-04-12T20:31:34.762Z] Action: HOLD
[2025-04-12T20:31:35.892Z] Action: HOLD
[2025-04-12T20:31:37.010Z] Action: HOLD
[2025-04-12T20:31:38.133Z] Action: HOLD
[2025-04-12T20:31:39.456Z] Action: HOLD
[2025-04-12T20:31:40.601Z] Action: HOLD
[2025-04-12T20:31:41.961Z] Action: HOLD
[2025-04-12T20:31:43.110Z] Action: HOLD
[2025-04-12T20:31:44.640Z] Action: HOLD
[2025-04-12T20:31:46.078Z] Action: HOLD
[2025-04-12T20:31:47.229Z] Action: HOLD
[2025-04-12T20:31:48.368Z] Action: HOLD
[2025-04-12T20:31:49.492Z] Action: HOLD
[2025-04-12T20:31:50.622Z] Action: HOLD
[2025-04-12T20:31:51.749Z] Action: HOLD
[2025-04-12T20:31:52.874Z] Action: HOLD
[2025-04-12T20:31:53.991Z] Action: HOLD
[2025-04-12T20:31:55.125Z] Action: HOLD
[2025-04-12T20:31:56.648Z] Action: HOLD
[2025-04-12T20:31:57.766Z] Action: HOLD
[2025-04-12T20:31:58.890Z] Action: HOLD
[2025-04-12T20:32:00.036Z] Action: HOLD
[2025-04-12T20:32:01.183Z] Action: HOLD
[2025-04-12T20:32:02.734Z] Action: HOLD
[2025-04-12T20:32:03.868Z] Action: HOLD
[2025-04-12T20:32:04.988Z] Action: HOLD
[2025-04-12T20:32:06.136Z] Action: HOLD
[2025-04-12T20:32:07.401Z] Action: HOLD
[2025-04-12T20:32:08.642Z] Action: HOLD
[2025-04-12T20:32:09.782Z] Action: HOLD
[2025-04-12T20:32:10.913Z] Action: HOLD
[2025-04-12T20:32:12.046Z] Action: HOLD
[2025-04-12T20:32:13.178Z] Action: HOLD
[2025-04-12T20:32:14.769Z] Action: HOLD
[2025-04-12T20:32:15.882Z] Action: HOLD
[2025-04-12T20:32:17.008Z] Action: HOLD
[2025-04-12T20:32:18.137Z] Action: HOLD
[2025-04-12T20:32:19.264Z] Action: HOLD
[2025-04-12T20:32:20.383Z] Action: HOLD
[2025-04-12T20:32:21.506Z] Action: HOLD
[2025-04-12T20:32:22.632Z] Action: HOLD
[2025-04-12T20:32:23.755Z] Action: HOLD
[2025-04-12T20:32:24.875Z] Action: HOLD
[2025-04-12T20:32:25.991Z] Action: HOLD
[2025-04-12T20:32:27.135Z] Action: HOLD
[2025-04-12T20:32:28.256Z] Action: HOLD
[2025-04-12T20:32:29.376Z] Action: HOLD
[2025-04-12T20:32:30.538Z] Action: HOLD
[2025-04-12T20:32:32.081Z] Action: HOLD
[2025-04-12T20:32:33.224Z] Action: HOLD
[2025-04-12T20:32:34.357Z] Action: HOLD
[2025-04-12T20:32:35.494Z] Action: HOLD
[2025-04-12T20:32:36.618Z] Action: HOLD
[2025-04-12T20:32:37.828Z] Action: HOLD
[2025-04-12T20:32:39.029Z] Action: HOLD
[2025-04-12T20:32:40.243Z] Action: HOLD
[2025-04-12T20:32:41.386Z] Action: HOLD
[2025-04-12T20:32:42.552Z] Action: HOLD
[2025-04-12T20:32:43.707Z] Action: HOLD
[2025-04-12T20:32:44.866Z] Action: HOLD
[2025-04-12T20:32:46.001Z] Action: HOLD
[2025-04-12T20:32:47.534Z] Action: HOLD
[2025-04-12T20:32:49.024Z] Action: HOLD
[2025-04-12T20:32:50.139Z] Action: HOLD
[2025-04-12T20:32:51.259Z] Action: HOLD
[2025-04-12T20:32:52.397Z] Action: HOLD
[2025-04-12T20:32:53.519Z] Action: HOLD
[2025-04-12T20:32:54.876Z] Action: HOLD
[2025-04-12T20:32:56.003Z] Action: HOLD
[2025-04-12T20:32:57.158Z] Action: HOLD
[2025-04-12T20:32:58.398Z] Action: HOLD
[2025-04-12T20:32:59.550Z] Action: HOLD
[2025-04-12T20:33:00.842Z] Action: HOLD
[2025-04-12T20:33:01.991Z] Action: HOLD
[2025-04-12T20:33:03.159Z] Action: HOLD
[2025-04-12T20:33:04.287Z] Action: HOLD
[2025-04-12T20:33:05.462Z] Action: HOLD
[2025-04-12T20:33:06.604Z] Action: HOLD
[2025-04-12T20:33:07.751Z] Action: HOLD
[2025-04-12T20:33:08.900Z] Action: HOLD
[2025-04-12T20:33:10.047Z] Action: HOLD
[2025-04-12T20:33:11.163Z] Action: HOLD
[2025-04-12T20:33:12.293Z] Action: HOLD
[2025-04-12T20:33:13.412Z] Action: HOLD
[2025-04-12T20:33:14.531Z] Action: HOLD
[2025-04-12T20:33:15.661Z] Action: HOLD
[2025-04-12T20:33:16.790Z] Action: HOLD
[2025-04-12T20:33:18.066Z] Action: HOLD
[2025-04-12T20:33:19.205Z] Action: HOLD
[2025-04-12T20:33:20.321Z] Action: HOLD
[2025-04-12T20:33:21.466Z] Action: HOLD
[2025-04-12T20:33:22.612Z] Action: HOLD
[2025-04-12T20:33:23.742Z] Action: HOLD
[2025-04-12T20:33:24.872Z] Action: HOLD
[2025-04-12T20:33:26.016Z] Action: HOLD
[2025-04-12T20:33:27.155Z] Action: HOLD
[2025-04-12T20:33:28.435Z] Action: HOLD
[2025-04-12T20:33:29.565Z] Action: HOLD
[2025-04-12T20:33:30.733Z] Action: HOLD
[2025-04-12T20:33:32.061Z] Action: HOLD
[2025-04-12T20:33:33.191Z] Action: HOLD
[2025-04-12T20:33:34.319Z] Action: HOLD
[2025-04-12T20:33:35.454Z] Action: HOLD
[2025-04-12T20:33:36.574Z] Action: HOLD
[2025-04-12T20:33:37.738Z] Action: HOLD
[2025-04-12T20:33:38.872Z] Action: HOLD
[2025-04-12T20:33:40.012Z] Action: HOLD
[2025-04-12T20:33:41.127Z] Action: HOLD
[2025-04-12T20:33:42.248Z] Action: HOLD
[2025-04-12T20:33:43.404Z] Action: HOLD
[2025-04-12T20:33:44.545Z] Action: HOLD
[2025-04-12T20:33:45.697Z] Action: HOLD
[2025-04-12T20:33:46.833Z] Action: HOLD
[2025-04-12T20:33:47.973Z] Action: HOLD
[2025-04-12T20:33:49.106Z] Action: HOLD
[2025-04-12T20:33:50.223Z] Action: HOLD
[2025-04-12T20:33:51.352Z] Action: HOLD
[2025-04-12T20:33:52.480Z] Action: HOLD
[2025-04-12T20:33:53.608Z] Action: HOLD
[2025-04-12T20:33:54.729Z] Action: HOLD
[2025-04-12T20:33:55.868Z] Action: HOLD
[2025-04-12T20:33:56.998Z] Action: HOLD
[2025-04-12T20:33:58.131Z] Action: HOLD
[2025-04-12T20:33:59.277Z] Action: HOLD
[2025-04-12T20:34:00.412Z] Action: HOLD
[2025-04-12T20:34:01.748Z] Action: HOLD
[2025-04-12T20:34:02.862Z] Action: HOLD
[2025-04-12T20:34:03.990Z] Action: HOLD
[2025-04-12T20:34:05.104Z] Action: HOLD
[2025-04-12T20:34:06.242Z] Action: HOLD
[2025-04-12T20:34:07.372Z] Action: HOLD
[2025-04-12T20:34:08.489Z] Action: HOLD
[2025-04-12T20:34:09.600Z] Action: HOLD
[2025-04-12T20:34:10.721Z] Action: HOLD
[2025-04-12T20:34:11.851Z] Action: HOLD
[2025-04-12T20:34:12.989Z] Action: HOLD
[2025-04-12T20:34:14.121Z] Action: HOLD
[2025-04-12T20:34:15.256Z] Action: HOLD
[2025-04-12T20:34:16.455Z] Action: HOLD
[2025-04-12T20:34:17.961Z] Action: HOLD
[2025-04-12T20:34:19.078Z] Action: HOLD
[2025-04-12T20:34:20.209Z] Action: HOLD
[2025-04-12T20:34:21.334Z] Action: HOLD
[2025-04-12T20:34:22.449Z] Action: HOLD
[2025-04-12T20:34:23.587Z] Action: HOLD
[2025-04-12T20:34:24.890Z] Action: HOLD
[2025-04-12T20:34:26.022Z] Action: HOLD
[2025-04-12T20:34:27.133Z] Action: HOLD
[2025-04-12T20:34:28.268Z] Action: HOLD
[2025-04-12T20:34:29.404Z] Action: HOLD
[2025-04-12T20:34:30.698Z] Action: HOLD
[2025-04-12T20:34:31.898Z] Action: HOLD
[2025-04-12T20:34:33.035Z] Action: HOLD
[2025-04-12T20:34:34.159Z] Action: HOLD
[2025-04-12T20:34:35.290Z] Action: HOLD
[2025-04-12T20:34:36.432Z] Action: HOLD
[2025-04-12T20:34:37.593Z] Action: HOLD
[2025-04-12T20:34:38.806Z] Action: HOLD
[2025-04-12T20:34:39.964Z] Action: HOLD
[2025-04-12T20:34:41.104Z] Action: HOLD
[2025-04-12T20:34:42.235Z] Action: HOLD
[2025-04-12T20:34:43.360Z] Action: HOLD
[2025-04-12T20:34:44.487Z] Action: HOLD
[2025-04-12T20:34:45.605Z] Action: HOLD
[2025-04-12T20:34:46.729Z] Action: HOLD
[2025-04-12T20:34:47.844Z] Action: HOLD
[2025-04-12T20:34:48.992Z] Action: HOLD
[2025-04-12T20:34:50.123Z] Action: HOLD
[2025-04-12T20:34:51.250Z] Action: HOLD
[2025-04-12T20:34:52.398Z] Action: HOLD
[2025-04-12T20:34:53.523Z] Action: HOLD
[2025-04-12T20:34:54.649Z] Action: HOLD
[2025-04-12T20:34:55.791Z] Action: HOLD
[2025-04-12T20:34:56.920Z] Action: HOLD
[2025-04-12T20:34:58.150Z] Action: HOLD
[2025-04-12T20:34:59.291Z] Action: HOLD
[2025-04-12T20:35:00.444Z] Action: HOLD
[2025-04-12T20:35:01.567Z] Action: HOLD
[2025-04-12T20:35:02.692Z] Action: HOLD
[2025-04-12T20:35:03.861Z] Action: HOLD
[2025-04-12T20:35:04.979Z] Action: HOLD
[2025-04-12T20:35:06.149Z] Action: HOLD
[2025-04-12T20:35:07.277Z] Action: HOLD
[2025-04-12T20:35:08.404Z] Action: HOLD
[2025-04-12T20:35:09.551Z] Action: HOLD
[2025-04-12T20:35:10.689Z] Action: HOLD
[2025-04-12T20:35:11.827Z] Action: HOLD
[2025-04-12T20:35:12.998Z] Action: HOLD
[2025-04-12T20:35:14.151Z] Action: HOLD
[2025-04-12T20:35:15.315Z] Action: HOLD
[2025-04-12T20:35:16.443Z] Action: HOLD
[2025-04-12T20:35:17.582Z] Action: HOLD
[2025-04-12T20:35:18.777Z] Action: HOLD
[2025-04-12T20:35:19.921Z] Action: HOLD
[2025-04-12T20:35:21.119Z] Action: HOLD
[2025-04-12T20:35:22.271Z] Action: HOLD
[2025-04-12T20:35:23.413Z] Action: HOLD
[2025-04-12T20:35:24.589Z] Action: HOLD
[2025-04-12T20:35:25.740Z] Action: HOLD
[2025-04-12T20:35:27.181Z] Action: HOLD
[2025-04-12T20:35:28.315Z] Action: HOLD
[2025-04-12T20:35:29.448Z] Action: HOLD
[2025-04-12T20:35:30.585Z] Action: HOLD
[2025-04-12T20:35:31.704Z] Action: HOLD
[2025-04-12T20:35:32.855Z] Action: HOLD
[2025-04-12T20:35:33.977Z] Action: HOLD
[2025-04-12T20:35:35.091Z] Action: HOLD
[2025-04-12T20:35:36.216Z] Action: HOLD
[2025-04-12T20:35:37.327Z] Action: HOLD
[2025-04-12T20:35:38.479Z] Action: HOLD
[2025-04-12T20:35:39.626Z] Action: HOLD
[2025-04-12T20:35:40.767Z] Action: HOLD
[2025-04-12T20:35:41.894Z] Action: HOLD
[2025-04-12T20:35:43.040Z] Action: HOLD
[2025-04-12T20:35:44.407Z] Action: HOLD
[2025-04-12T20:35:45.604Z] Action: HOLD
[2025-04-12T20:35:46.722Z] Action: HOLD
[2025-04-12T20:35:47.885Z] Action: HOLD
[2025-04-12T20:35:49.007Z] Action: HOLD
[2025-04-12T20:35:50.729Z] Action: HOLD
[2025-04-12T20:35:51.860Z] Action: HOLD
[2025-04-12T20:35:53.186Z] Action: HOLD
[2025-04-12T20:35:54.320Z] Action: HOLD
[2025-04-12T20:35:55.447Z] Action: HOLD
[2025-04-12T20:35:56.587Z] Action: HOLD
[2025-04-12T20:35:57.699Z] Action: HOLD
[2025-04-12T20:35:58.831Z] Action: HOLD
[2025-04-12T20:35:59.976Z] Action: HOLD
[2025-04-12T20:36:01.120Z] Action: HOLD
[2025-04-12T20:36:02.261Z] Action: HOLD
[2025-04-12T20:36:03.395Z] Action: HOLD
[2025-04-12T20:36:04.523Z] Action: HOLD
[2025-04-12T20:36:05.640Z] Action: HOLD
[2025-04-12T20:36:06.760Z] Action: HOLD
[2025-04-12T20:36:08.027Z] Action: HOLD
[2025-04-12T20:36:09.149Z] Action: HOLD
[2025-04-12T20:36:10.266Z] Action: HOLD
[2025-04-12T20:36:11.391Z] Action: HOLD
[2025-04-12T20:36:12.514Z] Action: HOLD
[2025-04-12T20:36:13.670Z] Action: HOLD
[2025-04-12T20:36:14.802Z] Action: HOLD
[2025-04-12T20:36:16.293Z] Action: HOLD
[2025-04-12T20:36:17.451Z] Action: HOLD
[2025-04-12T20:36:18.991Z] Action: HOLD
[2025-04-12T20:36:20.128Z] Action: HOLD
[2025-04-12T20:36:21.331Z] Action: HOLD
[2025-04-12T20:36:22.476Z] Action: HOLD
[2025-04-12T20:36:24.021Z] Action: HOLD
[2025-04-12T20:36:25.155Z] Action: HOLD
[2025-04-12T20:36:26.279Z] Action: HOLD
[2025-04-12T20:36:27.413Z] Action: HOLD
[2025-04-12T20:36:28.576Z] Action: HOLD
[2025-04-12T20:36:29.711Z] Action: HOLD
[2025-04-12T20:36:30.829Z] Action: HOLD
[2025-04-12T20:36:31.992Z] Action: HOLD
[2025-04-12T20:36:33.135Z] Action: HOLD
[2025-04-12T20:36:34.781Z] Action: HOLD
[2025-04-12T20:36:35.929Z] Action: HOLD
[2025-04-12T20:36:37.060Z] Action: HOLD
[2025-04-12T20:36:38.208Z] Action: HOLD
[2025-04-12T20:36:39.345Z] Action: HOLD
[2025-04-12T20:36:40.483Z] Action: HOLD
[2025-04-12T20:36:41.612Z] Action: HOLD
[2025-04-12T20:36:42.746Z] Action: HOLD
[2025-04-12T20:36:43.864Z] Action: HOLD
[2025-04-12T20:36:44.997Z] Action: HOLD
[2025-04-12T20:36:46.126Z] Action: HOLD
[2025-04-12T20:36:47.637Z] Action: HOLD
[2025-04-12T20:36:48.801Z] Action: HOLD
[2025-04-12T20:36:49.921Z] Action: HOLD
[2025-04-12T20:36:51.059Z] Action: HOLD
[2025-04-12T20:36:52.180Z] Action: HOLD
[2025-04-12T20:36:53.302Z] Action: HOLD
[2025-04-12T20:36:54.559Z] Action: HOLD
[2025-04-12T20:36:55.675Z] Action: HOLD
[2025-04-12T20:36:56.836Z] Action: HOLD
[2025-04-12T20:36:58.000Z] Action: HOLD
[2025-04-12T20:36:59.142Z] Action: HOLD
[2025-04-12T20:37:00.891Z] Action: HOLD
[2025-04-12T20:37:02.022Z] Action: HOLD
[2025-04-12T20:37:03.179Z] Action: HOLD
[2025-04-12T20:37:04.321Z] Action: HOLD
[2025-04-12T20:37:05.773Z] Action: HOLD
[2025-04-12T20:37:06.909Z] Action: HOLD
[2025-04-12T20:37:08.046Z] Action: HOLD
[2025-04-12T20:37:09.182Z] Action: HOLD
[2025-04-12T20:37:10.310Z] Action: HOLD
[2025-04-12T20:37:11.554Z] Action: HOLD
[2025-04-12T20:37:12.707Z] Action: HOLD
[2025-04-12T20:37:14.033Z] Action: HOLD
[2025-04-12T20:37:15.185Z] Action: HOLD
[2025-04-12T20:37:16.337Z] Action: HOLD
[2025-04-12T20:37:17.460Z] Action: HOLD
[2025-04-12T20:37:18.654Z] Action: HOLD
[2025-04-12T20:37:19.792Z] Action: HOLD
[2025-04-12T20:37:20.935Z] Action: HOLD
[2025-04-12T20:37:22.633Z] Action: HOLD
[2025-04-12T20:37:23.757Z] Action: HOLD
[2025-04-12T20:37:25.015Z] Action: HOLD
[2025-04-12T20:37:26.156Z] Action: HOLD
[2025-04-12T20:37:27.287Z] Action: HOLD
[2025-04-12T20:37:28.428Z] Action: HOLD
[2025-04-12T20:37:29.565Z] Action: HOLD
[2025-04-12T20:37:30.678Z] Action: HOLD
[2025-04-12T20:37:31.820Z] Action: HOLD
[2025-04-12T20:37:32.948Z] Action: HOLD
[2025-04-12T20:37:34.102Z] Action: HOLD
[2025-04-12T20:37:35.222Z] Action: HOLD
[2025-04-12T20:37:36.441Z] Action: HOLD
[2025-04-12T20:37:37.595Z] Action: HOLD
[2025-04-12T20:37:38.714Z] Action: HOLD
[2025-04-12T20:37:39.834Z] Action: HOLD
[2025-04-12T20:37:40.977Z] Action: HOLD
[2025-04-12T20:37:42.169Z] Action: HOLD
[2025-04-12T20:37:43.371Z] Action: HOLD
[2025-04-12T20:37:44.502Z] Action: HOLD
[2025-04-12T20:37:45.622Z] Action: HOLD
[2025-04-12T20:37:46.777Z] Action: HOLD
[2025-04-12T20:37:47.897Z] Action: HOLD
[2025-04-12T20:37:49.015Z] Action: HOLD
[2025-04-12T20:37:50.538Z] Action: HOLD
[2025-04-12T20:37:51.665Z] Action: HOLD
[2025-04-12T20:37:52.822Z] Action: HOLD
[2025-04-12T20:37:53.970Z] Action: HOLD
[2025-04-12T20:37:55.103Z] Action: HOLD
[2025-04-12T20:37:56.223Z] Action: HOLD
[2025-04-12T20:37:57.727Z] Action: HOLD
[2025-04-12T20:37:58.848Z] Action: HOLD
[2025-04-12T20:37:59.959Z] Action: HOLD
[2025-04-12T20:38:01.075Z] Action: HOLD
[2025-04-12T20:38:02.196Z] Action: HOLD
[2025-04-12T20:38:03.320Z] Action: HOLD
[2025-04-12T20:38:04.443Z] Action: HOLD
[2025-04-12T20:38:05.564Z] Action: HOLD
[2025-04-12T20:38:06.690Z] Action: HOLD
[2025-04-12T20:38:07.822Z] Action: HOLD
[2025-04-12T20:38:08.950Z] Action: HOLD
[2025-04-12T20:38:10.095Z] Action: HOLD
[2025-04-12T20:38:11.226Z] Action: HOLD
[2025-04-12T20:38:12.351Z] Action: HOLD
[2025-04-12T20:38:13.471Z] Action: HOLD
[2025-04-12T20:38:14.991Z] Action: HOLD
[2025-04-12T20:38:16.128Z] Action: HOLD
[2025-04-12T20:38:17.274Z] Action: HOLD
[2025-04-12T20:38:18.410Z] Action: HOLD
[2025-04-12T20:38:19.566Z] Action: HOLD
[2025-04-12T20:38:20.819Z] Action: HOLD
[2025-04-12T20:38:21.953Z] Action: HOLD
[2025-04-12T20:38:23.081Z] Action: HOLD
[2025-04-12T20:38:24.198Z] Action: HOLD
[2025-04-12T20:38:25.343Z] Action: HOLD
[2025-04-12T20:38:26.489Z] Action: HOLD
[2025-04-12T20:38:27.616Z] Action: HOLD
[2025-04-12T20:38:28.743Z] Action: HOLD
[2025-04-12T20:38:29.880Z] Action: HOLD
[2025-04-12T20:38:31.039Z] Action: HOLD
[2025-04-12T20:38:32.242Z] Action: HOLD
[2025-04-12T20:38:33.374Z] Action: HOLD
[2025-04-12T20:38:34.511Z] Action: HOLD
[2025-04-12T20:38:35.635Z] Action: HOLD
[2025-04-12T20:38:36.763Z] Action: HOLD
[2025-04-12T20:38:37.915Z] Action: HOLD
[2025-04-12T20:38:39.043Z] Action: HOLD
[2025-04-12T20:38:40.164Z] Action: HOLD
[2025-04-12T20:38:41.689Z] Action: HOLD
[2025-04-12T20:38:42.915Z] Action: HOLD
[2025-04-12T20:38:44.089Z] Action: HOLD
[2025-04-12T20:38:45.531Z] Action: HOLD
[2025-04-12T20:38:46.743Z] Action: HOLD
[2025-04-12T20:38:48.163Z] Action: HOLD
[2025-04-12T20:38:49.331Z] Action: HOLD
[2025-04-12T20:38:50.474Z] Action: HOLD
[2025-04-12T20:38:52.025Z] Action: HOLD
[2025-04-12T20:38:53.418Z] Action: HOLD
[2025-04-12T20:38:54.611Z] Action: HOLD
[2025-04-12T20:38:55.745Z] Action: HOLD
[2025-04-12T20:38:56.874Z] Action: HOLD
[2025-04-12T20:38:57.991Z] Action: HOLD
[2025-04-12T20:38:59.124Z] Action: HOLD
[2025-04-12T20:39:00.268Z] Action: HOLD
[2025-04-12T20:39:01.450Z] Action: HOLD
[2025-04-12T20:39:02.599Z] Action: HOLD
[2025-04-12T20:39:03.730Z] Action: HOLD
[2025-04-12T20:39:04.883Z] Action: HOLD
[2025-04-12T20:39:06.018Z] Action: HOLD
[2025-04-12T20:39:07.347Z] Action: HOLD
[2025-04-12T20:39:08.484Z] Action: HOLD
[2025-04-12T20:39:09.867Z] Action: HOLD
[2025-04-12T20:39:11.003Z] Action: HOLD
[2025-04-12T20:39:12.149Z] Action: HOLD
[2025-04-12T20:39:13.276Z] Action: HOLD
[2025-04-12T20:39:14.819Z] Action: HOLD
[2025-04-12T20:39:15.969Z] Action: HOLD
[2025-04-12T20:39:17.123Z] Action: HOLD
[2025-04-12T20:39:18.503Z] Action: HOLD
[2025-04-12T20:39:19.642Z] Action: HOLD
[2025-04-12T20:39:21.215Z] Action: HOLD
[2025-04-12T20:39:22.354Z] Action: HOLD
[2025-04-12T20:39:23.513Z] Action: HOLD
[2025-04-12T20:39:24.693Z] Action: HOLD
[2025-04-12T20:39:25.917Z] Action: HOLD
[2025-04-12T20:39:27.363Z] Action: HOLD
[2025-04-12T20:39:28.533Z] Action: HOLD
[2025-04-12T20:39:29.767Z] Action: HOLD
[2025-04-12T20:39:30.898Z] Action: HOLD
[2025-04-12T20:39:32.034Z] Action: HOLD
[2025-04-12T20:39:33.171Z] Action: HOLD
[2025-04-12T20:39:34.321Z] Action: HOLD
[2025-04-12T20:39:35.459Z] Action: HOLD
[2025-04-12T20:39:36.602Z] Action: HOLD
[2025-04-12T20:39:38.136Z] Action: HOLD
[2025-04-12T20:39:39.270Z] Action: HOLD
[2025-04-12T20:39:40.413Z] Action: HOLD
[2025-04-12T20:39:41.946Z] Action: HOLD
[2025-04-12T20:39:43.081Z] Action: HOLD
[2025-04-12T20:39:44.221Z] Action: HOLD
[2025-04-12T20:39:45.342Z] Action: HOLD
[2025-04-12T20:39:46.471Z] Action: HOLD
[2025-04-12T20:39:47.604Z] Action: HOLD
[2025-04-12T20:39:48.805Z] Action: HOLD
[2025-04-12T20:39:50.025Z] Action: HOLD
[2025-04-12T20:39:51.145Z] Action: HOLD
[2025-04-12T20:39:52.487Z] Action: HOLD
[2025-04-12T20:39:53.607Z] Action: HOLD
[2025-04-12T20:39:54.747Z] Action: HOLD
[2025-04-12T20:39:55.894Z] Action: HOLD
[2025-04-12T20:39:57.024Z] Action: HOLD
[2025-04-12T20:39:58.176Z] Action: HOLD
[2025-04-12T20:39:59.328Z] Action: HOLD
[2025-04-12T20:40:00.789Z] Action: HOLD
[2025-04-12T20:40:02.327Z] Action: HOLD
[2025-04-12T20:40:03.508Z] Action: HOLD
[2025-04-12T20:40:04.726Z] Action: SELL
[2025-04-12T20:40:05.934Z] Action: SELL
[2025-04-12T20:40:07.132Z] Action: SELL
[2025-04-12T20:40:08.349Z] Action: SELL
[2025-04-12T20:40:09.920Z] Action: SELL
[2025-04-12T20:40:11.127Z] Action: SELL
[2025-04-12T20:40:12.897Z] Action: SELL
[2025-04-12T20:40:14.105Z] Action: SELL
[2025-04-12T20:40:15.722Z] Action: SELL
[2025-04-12T20:40:16.922Z] Action: SELL
[2025-04-12T20:40:18.591Z] Action: SELL
[2025-04-12T20:40:20.218Z] Action: SELL
[2025-04-12T20:40:21.579Z] Action: SELL
[2025-04-12T20:40:22.798Z] Action: SELL
[2025-04-12T20:40:24.075Z] Action: SELL
[2025-04-12T20:40:25.279Z] Action: SELL
[2025-04-12T20:40:26.821Z] Action: SELL
[2025-04-12T20:40:28.002Z] Action: SELL
[2025-04-12T20:40:29.186Z] Action: SELL
[2025-04-12T20:40:30.461Z] Action: SELL
[2025-04-12T20:40:31.676Z] Action: SELL
[2025-04-12T20:40:33.024Z] Action: SELL
[2025-04-12T20:40:34.274Z] Action: SELL
[2025-04-12T20:40:35.479Z] Action: SELL
[2025-04-12T20:40:36.700Z] Action: SELL
[2025-04-12T20:40:37.969Z] Action: SELL
[2025-04-12T20:40:39.196Z] Action: SELL
[2025-04-12T20:40:40.984Z] Action: SELL
[2025-04-12T20:40:42.191Z] Action: SELL
[2025-04-12T20:44:34.197Z] Action: HOLD
[2025-04-12T20:44:35.341Z] Action: HOLD
[2025-04-12T20:44:36.463Z] Action: HOLD
[2025-04-12T20:44:37.640Z] Action: HOLD
[2025-04-12T20:44:38.772Z] Action: HOLD
[2025-04-12T20:44:39.910Z] Action: HOLD
[2025-04-12T20:44:41.101Z] Action: HOLD
[2025-04-12T20:44:42.227Z] Action: HOLD
[2025-04-12T20:44:43.441Z] Action: HOLD
[2025-04-12T20:44:44.568Z] Action: HOLD
[2025-04-12T20:44:45.686Z] Action: HOLD
[2025-04-12T20:44:46.790Z] Action: HOLD
[2025-04-12T20:44:47.903Z] Action: HOLD
[2025-04-12T20:44:49.029Z] Action: HOLD
[2025-04-12T20:44:50.188Z] Action: HOLD
[2025-04-12T20:44:51.297Z] Action: HOLD
[2025-04-12T20:44:52.431Z] Action: HOLD
[2025-04-12T20:44:53.551Z] Action: HOLD
[2025-04-12T20:44:54.874Z] Action: HOLD
[2025-04-12T20:44:55.999Z] Action: HOLD
[2025-04-12T20:44:57.147Z] Action: HOLD
[2025-04-12T20:44:58.271Z] Action: HOLD
[2025-04-12T20:44:59.390Z] Action: HOLD
[2025-04-12T20:45:00.513Z] Action: HOLD
[2025-04-12T20:45:01.663Z] Action: HOLD
[2025-04-12T20:45:03.336Z] Action: HOLD
[2025-04-12T20:45:04.442Z] Action: HOLD
[2025-04-12T20:45:05.572Z] Action: HOLD
[2025-04-12T20:45:06.738Z] Action: HOLD
[2025-04-12T20:45:07.848Z] Action: HOLD
[2025-04-12T20:45:08.964Z] Action: HOLD
[2025-04-12T20:45:10.074Z] Action: HOLD
[2025-04-12T20:45:11.181Z] Action: HOLD
[2025-04-12T20:45:12.298Z] Action: HOLD
[2025-04-12T20:45:13.443Z] Action: HOLD
[2025-04-12T20:45:14.578Z] Action: HOLD
[2025-04-12T20:45:15.733Z] Action: HOLD
[2025-04-12T20:45:16.886Z] Action: HOLD
[2025-04-12T20:45:18.013Z] Action: HOLD
[2025-04-12T20:45:19.158Z] Action: HOLD
[2025-04-12T20:45:20.454Z] Action: HOLD
[2025-04-12T20:45:21.784Z] Action: HOLD
[2025-04-12T20:45:22.886Z] Action: HOLD
[2025-04-12T20:45:24.003Z] Action: HOLD
[2025-04-12T20:45:25.121Z] Action: HOLD
[2025-04-12T20:45:26.269Z] Action: HOLD
[2025-04-12T20:45:27.385Z] Action: HOLD
[2025-04-12T20:45:28.518Z] Action: HOLD
[2025-04-12T20:45:30.049Z] Action: HOLD
[2025-04-12T20:45:31.166Z] Action: HOLD
[2025-04-12T20:45:32.297Z] Action: HOLD
[2025-04-12T20:45:33.418Z] Action: HOLD
[2025-04-12T20:45:34.690Z] Action: HOLD
[2025-04-12T20:45:35.867Z] Action: HOLD
[2025-04-12T20:45:37.010Z] Action: HOLD
[2025-04-12T20:45:38.153Z] Action: HOLD
[2025-04-12T20:45:39.283Z] Action: HOLD
[2025-04-12T20:45:40.584Z] Action: HOLD
[2025-04-12T20:45:41.745Z] Action: HOLD
[2025-04-12T20:45:42.885Z] Action: HOLD
[2025-04-12T20:45:44.006Z] Action: HOLD
[2025-04-12T20:45:45.145Z] Action: HOLD
[2025-04-12T20:45:46.688Z] Action: HOLD
[2025-04-12T20:45:47.825Z] Action: HOLD
[2025-04-12T20:45:48.994Z] Action: HOLD
[2025-04-12T20:45:50.137Z] Action: HOLD
[2025-04-12T20:45:51.442Z] Action: HOLD
[2025-04-12T20:45:52.587Z] Action: HOLD
[2025-04-12T20:45:53.726Z] Action: HOLD
[2025-04-12T20:45:54.866Z] Action: HOLD
[2025-04-12T20:45:56.072Z] Action: HOLD
[2025-04-12T20:45:57.251Z] Action: HOLD
[2025-04-12T20:45:58.374Z] Action: HOLD
[2025-04-12T20:45:59.678Z] Action: HOLD
[2025-04-12T20:46:00.801Z] Action: HOLD
[2025-04-12T20:46:01.940Z] Action: HOLD
[2025-04-12T20:46:03.088Z] Action: HOLD
[2025-04-12T20:46:04.230Z] Action: HOLD
[2025-04-12T20:46:05.397Z] Action: HOLD
[2025-04-12T20:46:06.530Z] Action: HOLD
[2025-04-12T20:46:07.733Z] Action: HOLD
[2025-04-12T20:46:09.234Z] Action: HOLD
[2025-04-12T20:46:11.053Z] Action: HOLD
[2025-04-12T20:46:12.177Z] Action: HOLD
[2025-04-12T20:46:13.311Z] Action: HOLD
[2025-04-12T20:46:14.429Z] Action: HOLD
[2025-04-12T20:46:15.544Z] Action: HOLD
[2025-04-12T20:46:16.663Z] Action: HOLD
[2025-04-12T20:46:17.774Z] Action: HOLD
[2025-04-12T20:46:18.921Z] Action: HOLD
[2025-04-12T20:46:20.042Z] Action: HOLD
[2025-04-12T20:46:21.167Z] Action: HOLD
[2025-04-12T20:46:22.268Z] Action: HOLD
[2025-04-12T20:46:23.373Z] Action: HOLD
[2025-04-12T20:46:24.491Z] Action: HOLD
[2025-04-12T20:46:25.622Z] Action: HOLD
[2025-04-12T20:46:27.125Z] Action: HOLD
[2025-04-12T20:46:28.248Z] Action: HOLD
[2025-04-12T20:46:29.360Z] Action: HOLD
[2025-04-12T20:46:30.464Z] Action: HOLD
[2025-04-12T20:46:31.574Z] Action: HOLD
[2025-04-12T20:46:32.728Z] Action: HOLD
[2025-04-12T20:46:33.859Z] Action: HOLD
[2025-04-12T20:46:35.003Z] Action: HOLD
[2025-04-12T20:46:36.151Z] Action: HOLD
[2025-04-12T20:46:37.290Z] Action: HOLD
[2025-04-12T20:46:38.449Z] Action: HOLD
[2025-04-12T20:46:39.569Z] Action: HOLD
[2025-04-12T20:46:40.695Z] Action: HOLD
[2025-04-12T20:46:41.807Z] Action: HOLD
[2025-04-12T20:46:42.944Z] Action: HOLD
[2025-04-12T20:46:44.061Z] Action: HOLD
[2025-04-12T20:46:45.199Z] Action: HOLD
[2025-04-12T20:46:46.612Z] Action: HOLD
[2025-04-12T20:46:47.742Z] Action: HOLD
[2025-04-12T20:46:48.856Z] Action: HOLD
[2025-04-12T20:46:49.988Z] Action: HOLD
[2025-04-12T20:46:51.102Z] Action: HOLD
[2025-04-12T20:46:52.205Z] Action: HOLD
[2025-04-12T20:46:53.328Z] Action: HOLD
[2025-04-12T20:46:54.459Z] Action: HOLD
[2025-04-12T20:46:55.570Z] Action: HOLD
[2025-04-12T20:46:56.692Z] Action: HOLD
[2025-04-12T20:46:57.808Z] Action: HOLD
[2025-04-12T20:46:58.943Z] Action: HOLD
[2025-04-12T20:47:00.047Z] Action: HOLD
[2025-04-12T20:47:01.522Z] Action: HOLD
[2025-04-12T20:47:02.643Z] Action: HOLD
[2025-04-12T20:47:03.758Z] Action: HOLD
[2025-04-12T20:47:04.865Z] Action: HOLD
[2025-04-12T20:47:05.983Z] Action: HOLD
[2025-04-12T20:47:07.116Z] Action: HOLD
[2025-04-12T20:47:08.227Z] Action: HOLD
[2025-04-12T20:47:09.339Z] Action: HOLD
[2025-04-12T20:47:10.453Z] Action: HOLD
[2025-04-12T20:47:11.580Z] Action: HOLD
[2025-04-12T20:47:12.689Z] Action: HOLD
[2025-04-12T20:47:13.874Z] Action: HOLD
[2025-04-12T20:47:14.988Z] Action: HOLD
[2025-04-12T20:47:16.104Z] Action: HOLD
[2025-04-12T20:47:17.248Z] Action: HOLD
[2025-04-12T20:47:18.352Z] Action: HOLD
[2025-04-12T20:47:19.457Z] Action: HOLD
[2025-04-12T20:47:20.598Z] Action: HOLD
[2025-04-12T20:47:21.707Z] Action: HOLD
[2025-04-12T20:47:22.935Z] Action: HOLD
[2025-04-12T20:47:24.425Z] Action: HOLD
[2025-04-12T20:47:25.600Z] Action: HOLD
[2025-04-12T20:47:26.712Z] Action: HOLD
[2025-04-12T20:47:28.181Z] Action: HOLD
[2025-04-12T20:47:29.294Z] Action: HOLD
[2025-04-12T20:47:30.424Z] Action: HOLD
[2025-04-12T20:47:31.605Z] Action: HOLD
[2025-04-12T20:47:32.727Z] Action: HOLD
[2025-04-12T20:47:33.843Z] Action: HOLD
[2025-04-12T20:47:35.122Z] Action: HOLD
[2025-04-12T20:47:36.267Z] Action: HOLD
[2025-04-12T20:47:37.381Z] Action: HOLD
[2025-04-12T20:47:38.493Z] Action: HOLD
[2025-04-12T20:47:39.636Z] Action: HOLD
[2025-04-12T20:47:40.758Z] Action: HOLD
[2025-04-12T20:47:41.890Z] Action: HOLD
[2025-04-12T20:47:43.011Z] Action: HOLD
[2025-04-12T20:47:44.491Z] Action: HOLD
[2025-04-12T20:47:45.637Z] Action: HOLD
[2025-04-12T20:47:46.750Z] Action: HOLD
[2025-04-12T20:47:47.880Z] Action: HOLD
[2025-04-12T20:47:48.986Z] Action: HOLD
[2025-04-12T20:47:50.105Z] Action: HOLD
[2025-04-12T20:47:51.393Z] Action: HOLD
[2025-04-12T20:47:52.551Z] Action: HOLD
[2025-04-12T20:47:53.667Z] Action: HOLD
[2025-04-12T20:47:54.837Z] Action: HOLD
[2025-04-12T20:47:56.057Z] Action: HOLD
[2025-04-12T20:47:57.442Z] Action: HOLD
[2025-04-12T20:47:58.678Z] Action: HOLD
[2025-04-12T20:47:59.795Z] Action: HOLD
[2025-04-12T20:48:00.920Z] Action: HOLD
[2025-04-12T20:48:02.042Z] Action: HOLD
[2025-04-12T20:48:03.181Z] Action: HOLD
[2025-04-12T20:48:04.325Z] Action: HOLD
[2025-04-12T20:48:05.505Z] Action: HOLD
[2025-04-12T20:48:06.627Z] Action: HOLD
[2025-04-12T20:48:07.747Z] Action: HOLD
[2025-04-12T20:48:08.883Z] Action: HOLD
[2025-04-12T20:48:10.062Z] Action: HOLD
[2025-04-12T20:48:11.221Z] Action: HOLD
[2025-04-12T20:48:12.331Z] Action: HOLD
[2025-04-12T20:48:13.813Z] Action: HOLD
[2025-04-12T20:48:14.924Z] Action: HOLD
[2025-04-12T20:48:16.040Z] Action: HOLD
[2025-04-12T20:48:17.193Z] Action: HOLD
[2025-04-12T20:48:18.321Z] Action: HOLD
[2025-04-12T20:48:19.461Z] Action: HOLD
[2025-04-12T20:48:20.602Z] Action: HOLD
[2025-04-12T20:48:21.707Z] Action: HOLD
[2025-04-12T20:48:22.828Z] Action: HOLD
[2025-04-12T20:48:23.941Z] Action: HOLD
[2025-04-12T20:48:25.061Z] Action: HOLD
[2025-04-12T20:48:26.254Z] Action: HOLD
[2025-04-12T20:48:27.394Z] Action: HOLD
[2025-04-12T20:48:28.887Z] Action: HOLD
[2025-04-12T20:48:30.014Z] Action: HOLD
[2025-04-12T20:48:31.128Z] Action: HOLD
[2025-04-12T20:48:32.246Z] Action: HOLD
[2025-04-12T20:48:33.355Z] Action: HOLD
[2025-04-12T20:48:34.463Z] Action: HOLD
[2025-04-12T20:48:35.639Z] Action: HOLD
[2025-04-12T20:48:36.746Z] Action: HOLD
[2025-04-12T20:48:37.859Z] Action: HOLD
[2025-04-12T20:48:38.981Z] Action: HOLD
[2025-04-12T20:48:40.104Z] Action: HOLD
[2025-04-12T20:48:41.229Z] Action: HOLD
[2025-04-12T20:48:42.356Z] Action: HOLD
[2025-04-12T20:48:43.504Z] Action: HOLD
[2025-04-12T20:48:44.636Z] Action: HOLD
[2025-04-12T20:48:46.131Z] Action: HOLD
[2025-04-12T20:48:47.262Z] Action: HOLD
[2025-04-12T20:48:48.381Z] Action: HOLD
[2025-04-12T20:48:49.535Z] Action: HOLD
[2025-04-12T20:48:50.656Z] Action: HOLD
[2025-04-12T20:48:51.771Z] Action: HOLD
[2025-04-12T20:48:53.276Z] Action: HOLD
[2025-04-12T20:48:54.386Z] Action: HOLD
[2025-04-12T20:48:55.504Z] Action: HOLD
[2025-04-12T20:48:57.032Z] Action: HOLD
[2025-04-12T20:48:58.157Z] Action: HOLD
[2025-04-12T20:48:59.348Z] Action: HOLD
[2025-04-12T20:49:00.477Z] Action: HOLD
[2025-04-12T20:49:01.608Z] Action: HOLD
[2025-04-12T20:49:02.734Z] Action: HOLD
[2025-04-12T20:49:03.868Z] Action: HOLD
[2025-04-12T20:49:04.974Z] Action: HOLD
[2025-04-12T20:49:06.084Z] Action: HOLD
[2025-04-12T20:49:07.189Z] Action: HOLD
[2025-04-12T20:49:08.737Z] Action: HOLD
[2025-04-12T20:49:09.861Z] Action: HOLD
[2025-04-12T20:49:11.176Z] Action: HOLD
[2025-04-12T20:49:12.291Z] Action: HOLD
[2025-04-12T20:49:13.452Z] Action: HOLD
[2025-04-12T20:49:14.582Z] Action: HOLD
[2025-04-12T20:49:15.711Z] Action: HOLD
[2025-04-12T20:49:17.194Z] Action: HOLD
[2025-04-12T20:49:18.320Z] Action: HOLD
[2025-04-12T20:49:19.452Z] Action: HOLD
[2025-04-12T20:49:20.557Z] Action: HOLD
[2025-04-12T20:49:22.058Z] Action: HOLD
[2025-04-12T20:49:23.422Z] Action: HOLD
[2025-04-12T20:49:24.537Z] Action: HOLD
[2025-04-12T20:49:25.671Z] Action: HOLD
[2025-04-12T20:49:26.782Z] Action: HOLD
[2025-04-12T20:49:27.920Z] Action: HOLD
[2025-04-12T20:49:29.058Z] Action: HOLD
[2025-04-12T20:49:30.172Z] Action: HOLD
[2025-04-12T20:49:31.307Z] Action: HOLD
[2025-04-12T20:49:32.441Z] Action: HOLD
[2025-04-12T20:49:33.550Z] Action: HOLD
[2025-04-12T20:49:34.662Z] Action: HOLD
[2025-04-12T20:49:35.789Z] Action: HOLD
[2025-04-12T20:49:36.916Z] Action: HOLD
[2025-04-12T20:49:38.032Z] Action: HOLD
[2025-04-12T20:49:39.177Z] Action: HOLD
[2025-04-12T20:49:40.415Z] Action: HOLD
[2025-04-12T20:49:41.531Z] Action: HOLD
[2025-04-12T20:49:42.867Z] Action: HOLD
[2025-04-12T20:49:43.979Z] Action: HOLD
[2025-04-12T20:49:45.102Z] Action: HOLD
[2025-04-12T20:49:46.209Z] Action: HOLD
[2025-04-12T20:49:47.347Z] Action: HOLD
[2025-04-12T20:49:48.464Z] Action: HOLD
[2025-04-12T20:49:49.965Z] Action: HOLD
[2025-04-12T20:49:51.101Z] Action: HOLD
[2025-04-12T20:49:52.218Z] Action: HOLD
[2025-04-12T20:49:53.339Z] Action: HOLD
[2025-04-12T20:49:54.481Z] Action: HOLD
[2025-04-12T20:49:55.608Z] Action: HOLD
[2025-04-12T20:49:56.740Z] Action: HOLD
[2025-04-12T20:49:58.250Z] Action: HOLD
[2025-04-12T20:49:59.402Z] Action: HOLD
[2025-04-12T20:50:00.612Z] Action: HOLD
[2025-04-12T20:50:01.741Z] Action: HOLD
[2025-04-12T20:50:02.876Z] Action: HOLD
[2025-04-12T20:50:04.012Z] Action: HOLD
[2025-04-12T20:50:05.143Z] Action: HOLD
[2025-04-12T20:50:06.276Z] Action: HOLD
[2025-04-12T20:50:07.390Z] Action: HOLD
[2025-04-12T20:50:08.529Z] Action: HOLD
[2025-04-12T20:50:09.650Z] Action: HOLD
[2025-04-12T20:50:10.760Z] Action: HOLD
[2025-04-12T20:50:11.869Z] Action: HOLD
[2025-04-12T20:50:12.994Z] Action: HOLD
[2025-04-12T20:50:14.108Z] Action: HOLD
[2025-04-12T20:50:15.271Z] Action: HOLD
[2025-04-12T20:50:16.480Z] Action: HOLD
[2025-04-12T20:50:17.620Z] Action: HOLD
[2025-04-12T20:50:18.774Z] Action: HOLD
[2025-04-12T20:50:19.900Z] Action: HOLD
[2025-04-12T20:50:21.043Z] Action: HOLD
[2025-04-12T20:50:22.148Z] Action: HOLD
[2025-04-12T20:50:23.390Z] Action: HOLD
[2025-04-12T20:50:24.500Z] Action: HOLD
[2025-04-12T20:50:25.617Z] Action: HOLD
[2025-04-12T20:50:26.752Z] Action: HOLD
[2025-04-12T20:50:27.856Z] Action: HOLD
[2025-04-12T20:50:28.984Z] Action: HOLD
[2025-04-12T20:50:30.125Z] Action: HOLD
[2025-04-12T20:50:31.231Z] Action: HOLD
[2025-04-12T20:50:32.344Z] Action: HOLD
[2025-04-12T20:50:33.463Z] Action: HOLD
[2025-04-12T20:50:34.586Z] Action: HOLD
[2025-04-12T20:50:35.691Z] Action: HOLD
[2025-04-12T20:50:36.919Z] Action: HOLD
[2025-04-12T20:50:38.055Z] Action: HOLD
[2025-04-12T20:50:39.189Z] Action: HOLD
[2025-04-12T20:50:40.322Z] Action: HOLD
[2025-04-12T20:50:41.438Z] Action: HOLD
[2025-04-12T20:50:42.590Z] Action: HOLD
[2025-04-12T20:50:43.740Z] Action: HOLD
[2025-04-12T20:50:44.854Z] Action: HOLD
[2025-04-12T20:50:46.021Z] Action: HOLD
[2025-04-12T20:50:47.153Z] Action: HOLD
[2025-04-12T20:50:48.275Z] Action: HOLD
[2025-04-12T20:50:49.439Z] Action: HOLD
[2025-04-12T20:50:50.583Z] Action: HOLD
[2025-04-12T20:50:51.717Z] Action: HOLD
[2025-04-12T20:50:52.823Z] Action: HOLD
[2025-04-12T20:50:53.983Z] Action: HOLD
[2025-04-12T20:50:55.130Z] Action: HOLD
[2025-04-12T20:50:56.270Z] Action: HOLD
[2025-04-12T20:50:57.409Z] Action: HOLD
[2025-04-12T20:50:58.541Z] Action: HOLD
[2025-04-12T20:51:00.019Z] Action: HOLD
[2025-04-12T20:51:01.161Z] Action: HOLD
[2025-04-12T20:51:02.287Z] Action: HOLD
[2025-04-12T20:51:03.409Z] Action: HOLD
[2025-04-12T20:51:04.538Z] Action: HOLD
[2025-04-12T20:51:05.686Z] Action: HOLD
[2025-04-12T20:51:06.791Z] Action: HOLD
[2025-04-12T20:51:07.938Z] Action: HOLD
[2025-04-12T20:51:09.049Z] Action: HOLD
[2025-04-12T20:51:10.180Z] Action: HOLD
[2025-04-12T20:51:11.309Z] Action: HOLD
[2025-04-12T20:51:12.450Z] Action: HOLD
[2025-04-12T20:51:13.626Z] Action: HOLD
[2025-04-12T20:51:14.752Z] Action: HOLD
[2025-04-12T20:51:15.876Z] Action: HOLD
[2025-04-12T20:51:17.071Z] Action: HOLD
[2025-04-12T20:51:18.239Z] Action: HOLD
[2025-04-12T20:51:19.519Z] Action: HOLD
[2025-04-12T20:51:20.621Z] Action: HOLD
[2025-04-12T20:51:21.745Z] Action: HOLD
[2025-04-12T20:51:22.865Z] Action: HOLD
[2025-04-12T20:51:23.978Z] Action: HOLD
[2025-04-12T20:51:25.104Z] Action: HOLD
[2025-04-12T20:51:26.214Z] Action: HOLD
[2025-04-12T20:51:27.319Z] Action: HOLD
[2025-04-12T20:51:28.512Z] Action: HOLD
[2025-04-12T20:51:29.650Z] Action: HOLD
[2025-04-12T20:51:30.943Z] Action: HOLD
[2025-04-12T20:51:32.054Z] Action: HOLD
[2025-04-12T20:51:33.573Z] Action: HOLD
[2025-04-12T20:51:34.703Z] Action: HOLD
[2025-04-12T20:51:35.818Z] Action: HOLD
[2025-04-12T20:51:36.988Z] Action: HOLD
[2025-04-12T20:51:38.090Z] Action: HOLD
[2025-04-12T20:51:39.229Z] Action: HOLD
[2025-04-12T20:51:40.338Z] Action: HOLD
[2025-04-12T20:51:41.447Z] Action: HOLD
[2025-04-12T20:51:42.947Z] Action: HOLD
[2025-04-12T20:51:44.157Z] Action: HOLD
[2025-04-12T20:51:45.280Z] Action: HOLD
[2025-04-12T20:51:46.396Z] Action: HOLD
[2025-04-12T20:51:47.531Z] Action: HOLD
[2025-04-12T20:51:48.679Z] Action: HOLD
[2025-04-12T20:51:49.796Z] Action: HOLD
[2025-04-12T20:51:50.914Z] Action: HOLD
[2025-04-12T20:51:52.038Z] Action: HOLD
[2025-04-12T20:51:53.159Z] Action: HOLD
[2025-04-12T20:51:54.279Z] Action: HOLD
[2025-04-12T20:51:55.474Z] Action: HOLD
[2025-04-12T20:51:56.594Z] Action: HOLD
[2025-04-12T20:51:57.739Z] Action: HOLD
[2025-04-12T20:51:58.853Z] Action: HOLD
[2025-04-12T20:51:59.990Z] Action: HOLD
[2025-04-12T20:52:01.129Z] Action: HOLD
[2025-04-12T20:52:02.278Z] Action: HOLD
[2025-04-12T20:52:03.399Z] Action: HOLD
[2025-04-12T20:52:04.513Z] Action: HOLD
[2025-04-12T20:52:05.631Z] Action: HOLD
[2025-04-12T20:52:07.212Z] Action: HOLD
[2025-04-12T20:52:08.319Z] Action: HOLD
[2025-04-12T20:52:09.434Z] Action: HOLD
[2025-04-12T20:52:10.583Z] Action: HOLD
[2025-04-12T20:52:11.712Z] Action: HOLD
[2025-04-12T20:52:12.841Z] Action: HOLD
[2025-04-12T20:52:13.959Z] Action: HOLD
[2025-04-12T20:52:15.074Z] Action: HOLD
[2025-04-12T20:52:16.192Z] Action: HOLD
[2025-04-12T20:52:17.317Z] Action: HOLD
[2025-04-12T20:52:19.196Z] Action: HOLD
[2025-04-12T20:52:20.703Z] Action: HOLD
[2025-04-12T20:52:21.834Z] Action: HOLD
[2025-04-12T20:52:22.941Z] Action: HOLD
[2025-04-12T20:52:24.051Z] Action: HOLD
[2025-04-12T20:52:25.181Z] Action: HOLD
[2025-04-12T20:52:26.338Z] Action: HOLD
[2025-04-12T20:52:27.457Z] Action: HOLD
[2025-04-12T20:52:28.576Z] Action: HOLD
[2025-04-12T20:52:29.687Z] Action: HOLD
[2025-04-12T20:52:30.832Z] Action: HOLD
[2025-04-12T20:52:31.992Z] Action: HOLD
[2025-04-12T20:52:33.118Z] Action: HOLD
[2025-04-12T20:52:34.244Z] Action: HOLD
[2025-04-12T20:52:35.394Z] Action: HOLD
[2025-04-12T20:52:36.499Z] Action: HOLD
[2025-04-12T20:52:37.630Z] Action: HOLD
[2025-04-12T20:52:38.764Z] Action: HOLD
[2025-04-12T20:52:39.911Z] Action: HOLD
[2025-04-12T20:52:41.136Z] Action: HOLD
[2025-04-12T20:52:42.267Z] Action: HOLD
[2025-04-12T20:52:43.384Z] Action: HOLD
[2025-04-12T20:52:44.690Z] Action: HOLD
[2025-04-12T20:52:45.822Z] Action: HOLD
[2025-04-12T20:52:46.943Z] Action: HOLD
[2025-04-12T20:52:48.063Z] Action: HOLD
[2025-04-12T20:52:49.184Z] Action: HOLD
[2025-04-12T20:52:50.307Z] Action: HOLD
[2025-04-12T20:52:51.421Z] Action: HOLD
[2025-04-12T20:52:52.579Z] Action: HOLD
[2025-04-12T20:52:53.700Z] Action: HOLD
[2025-04-12T20:52:55.338Z] Action: HOLD
[2025-04-12T20:52:56.452Z] Action: HOLD
[2025-04-12T20:52:57.611Z] Action: HOLD
[2025-04-12T20:52:58.737Z] Action: HOLD
[2025-04-12T20:52:59.866Z] Action: HOLD
[2025-04-12T20:53:01.009Z] Action: HOLD
[2025-04-12T20:53:02.118Z] Action: HOLD
[2025-04-12T20:53:03.238Z] Action: HOLD
[2025-04-12T20:53:04.372Z] Action: HOLD
[2025-04-12T20:53:05.509Z] Action: HOLD
[2025-04-12T20:53:06.746Z] Action: HOLD
[2025-04-12T20:53:07.909Z] Action: HOLD
[2025-04-12T20:53:09.028Z] Action: HOLD
[2025-04-12T20:53:10.170Z] Action: HOLD
[2025-04-12T20:53:11.301Z] Action: HOLD
[2025-04-12T20:53:12.521Z] Action: HOLD
[2025-04-12T20:53:13.638Z] Action: HOLD
[2025-04-12T20:53:14.772Z] Action: HOLD
[2025-04-12T20:53:15.898Z] Action: HOLD
[2025-04-12T20:53:17.004Z] Action: HOLD
[2025-04-12T20:53:18.169Z] Action: HOLD
[2025-04-12T20:53:19.329Z] Action: HOLD
[2025-04-12T20:53:20.458Z] Action: HOLD
[2025-04-12T20:53:21.698Z] Action: HOLD
[2025-04-12T20:53:22.814Z] Action: HOLD
[2025-04-12T20:53:24.026Z] Action: HOLD
[2025-04-12T20:53:25.142Z] Action: HOLD
[2025-04-12T20:53:26.338Z] Action: HOLD
[2025-04-12T20:53:27.464Z] Action: HOLD
[2025-04-12T20:53:28.565Z] Action: HOLD
[2025-04-12T20:53:29.682Z] Action: HOLD
[2025-04-12T20:53:30.801Z] Action: HOLD
[2025-04-12T20:53:31.914Z] Action: HOLD
[2025-04-12T20:53:33.058Z] Action: HOLD
[2025-04-12T20:53:34.563Z] Action: HOLD
[2025-04-12T20:53:35.683Z] Action: HOLD
[2025-04-12T20:53:36.852Z] Action: HOLD
[2025-04-12T20:53:37.960Z] Action: HOLD
[2025-04-12T20:53:39.084Z] Action: HOLD
[2025-04-12T20:53:40.668Z] Action: HOLD
[2025-04-12T20:53:41.773Z] Action: HOLD
[2025-04-12T20:53:42.936Z] Action: HOLD
[2025-04-12T20:53:44.050Z] Action: HOLD
[2025-04-12T20:53:45.258Z] Action: HOLD
[2025-04-12T20:53:46.518Z] Action: HOLD
[2025-04-12T20:53:47.674Z] Action: HOLD
[2025-04-12T20:53:48.806Z] Action: HOLD
[2025-04-12T20:53:49.966Z] Action: HOLD
[2025-04-12T20:53:51.082Z] Action: HOLD
[2025-04-12T20:53:52.402Z] Action: HOLD
[2025-04-12T20:53:53.579Z] Action: HOLD
[2025-04-12T20:53:54.697Z] Action: HOLD
[2025-04-12T20:53:55.872Z] Action: HOLD
[2025-04-12T20:53:56.986Z] Action: HOLD
[2025-04-12T20:53:58.120Z] Action: HOLD
[2025-04-12T20:53:59.233Z] Action: HOLD
[2025-04-12T20:54:00.354Z] Action: HOLD
[2025-04-12T20:54:01.478Z] Action: HOLD
[2025-04-12T20:54:02.623Z] Action: HOLD
[2025-04-12T20:54:03.775Z] Action: HOLD
[2025-04-12T20:54:04.907Z] Action: HOLD
[2025-04-12T20:54:06.028Z] Action: HOLD
[2025-04-12T20:54:07.153Z] Action: HOLD
[2025-04-12T20:54:08.305Z] Action: HOLD
[2025-04-12T20:54:09.423Z] Action: HOLD
[2025-04-12T20:54:10.542Z] Action: HOLD
[2025-04-12T20:54:11.650Z] Action: HOLD
[2025-04-12T20:54:12.769Z] Action: HOLD
[2025-04-12T20:54:14.336Z] Action: HOLD
[2025-04-12T20:54:15.466Z] Action: HOLD
[2025-04-12T20:54:16.584Z] Action: HOLD
[2025-04-12T20:54:17.694Z] Action: HOLD
[2025-04-12T20:54:18.814Z] Action: HOLD
[2025-04-12T20:54:19.951Z] Action: HOLD
[2025-04-12T20:54:21.074Z] Action: HOLD
[2025-04-12T20:54:22.186Z] Action: HOLD
[2025-04-12T20:54:23.313Z] Action: HOLD
[2025-04-12T20:54:24.438Z] Action: HOLD
[2025-04-12T20:54:25.567Z] Action: HOLD
[2025-04-12T20:54:26.690Z] Action: HOLD
[2025-04-12T20:54:27.808Z] Action: HOLD
[2025-04-12T20:54:28.949Z] Action: HOLD
[2025-04-12T20:54:30.089Z] Action: HOLD
[2025-04-12T20:54:31.218Z] Action: HOLD
[2025-04-12T20:54:32.394Z] Action: HOLD
[2025-04-12T20:54:33.507Z] Action: HOLD
[2025-04-12T20:54:34.636Z] Action: HOLD
[2025-04-12T20:54:35.763Z] Action: HOLD
[2025-04-12T20:54:36.881Z] Action: HOLD
[2025-04-12T20:54:37.986Z] Action: HOLD
[2025-04-12T20:54:39.520Z] Action: HOLD
[2025-04-12T20:54:40.667Z] Action: HOLD
[2025-04-12T20:54:41.785Z] Action: HOLD
[2025-04-12T20:54:42.921Z] Action: HOLD
[2025-04-12T20:54:44.041Z] Action: HOLD
[2025-04-12T20:54:45.187Z] Action: HOLD
[2025-04-12T20:54:46.313Z] Action: HOLD
[2025-04-12T20:54:47.446Z] Action: HOLD
[2025-04-12T20:54:48.572Z] Action: HOLD
[2025-04-12T20:54:49.692Z] Action: HOLD
[2025-04-12T20:54:51.198Z] Action: HOLD
[2025-04-12T20:54:52.322Z] Action: HOLD
[2025-04-12T20:54:53.658Z] Action: HOLD
[2025-04-12T20:54:54.767Z] Action: HOLD
[2025-04-12T20:54:55.884Z] Action: HOLD
[2025-04-12T20:54:57.007Z] Action: HOLD
[2025-04-12T20:54:58.319Z] Action: HOLD
[2025-04-12T20:54:59.444Z] Action: HOLD
[2025-04-12T20:55:00.572Z] Action: HOLD
[2025-04-12T20:55:01.679Z] Action: HOLD
[2025-04-12T20:55:02.807Z] Action: HOLD
[2025-04-12T20:55:03.924Z] Action: HOLD
[2025-04-12T20:55:05.038Z] Action: HOLD
[2025-04-12T20:55:06.456Z] Action: HOLD
[2025-04-12T20:55:07.582Z] Action: HOLD
[2025-04-12T20:55:08.710Z] Action: HOLD
[2025-04-12T20:55:09.824Z] Action: HOLD
[2025-04-12T20:55:10.962Z] Action: HOLD
[2025-04-12T20:55:12.080Z] Action: HOLD
[2025-04-12T20:55:13.199Z] Action: HOLD
[2025-04-12T20:55:14.324Z] Action: HOLD
[2025-04-12T20:55:15.446Z] Action: HOLD
[2025-04-12T20:55:16.559Z] Action: HOLD
[2025-04-12T20:55:17.683Z] Action: HOLD
[2025-04-12T20:55:18.792Z] Action: HOLD
[2025-04-12T20:55:19.912Z] Action: HOLD
[2025-04-12T20:55:21.015Z] Action: HOLD
[2025-04-12T20:55:22.129Z] Action: HOLD
[2025-04-12T20:55:23.250Z] Action: HOLD
[2025-04-12T20:55:24.367Z] Action: HOLD
[2025-04-12T20:55:25.495Z] Action: HOLD
[2025-04-12T20:55:26.620Z] Action: HOLD
[2025-04-12T20:55:27.766Z] Action: HOLD
[2025-04-12T20:55:28.920Z] Action: HOLD
[2025-04-12T20:55:30.040Z] Action: HOLD
[2025-04-12T20:55:31.152Z] Action: HOLD
[2025-04-12T20:55:32.308Z] Action: HOLD
[2025-04-12T20:55:33.454Z] Action: HOLD
[2025-04-12T20:55:34.589Z] Action: HOLD
[2025-04-12T20:55:35.734Z] Action: HOLD
[2025-04-12T20:55:37.371Z] Action: HOLD
[2025-04-12T20:55:38.478Z] Action: HOLD
[2025-04-12T20:55:39.600Z] Action: HOLD
[2025-04-12T20:55:40.710Z] Action: HOLD
[2025-04-12T20:55:41.845Z] Action: HOLD
[2025-04-12T20:55:42.966Z] Action: HOLD
[2025-04-12T20:55:44.079Z] Action: HOLD
[2025-04-12T20:55:45.198Z] Action: HOLD
[2025-04-12T20:55:46.338Z] Action: HOLD
[2025-04-12T20:55:47.884Z] Action: HOLD
[2025-04-12T20:55:49.466Z] Action: HOLD
[2025-04-12T20:55:50.607Z] Action: HOLD
[2025-04-12T20:55:51.734Z] Action: HOLD
[2025-04-12T20:55:52.848Z] Action: HOLD
[2025-04-12T20:55:53.991Z] Action: HOLD
[2025-04-12T20:55:55.139Z] Action: HOLD
[2025-04-12T20:55:56.251Z] Action: HOLD
[2025-04-12T20:55:57.402Z] Action: HOLD
[2025-04-12T20:55:58.525Z] Action: HOLD
[2025-04-12T20:55:59.661Z] Action: HOLD
[2025-04-12T20:56:00.784Z] Action: HOLD
[2025-04-12T20:56:01.919Z] Action: HOLD
[2025-04-12T20:56:03.034Z] Action: HOLD
[2025-04-12T20:56:04.160Z] Action: HOLD
[2025-04-12T20:56:05.290Z] Action: HOLD
[2025-04-12T20:56:06.421Z] Action: HOLD
[2025-04-12T20:56:07.610Z] Action: HOLD
[2025-04-12T20:56:08.737Z] Action: HOLD
[2025-04-12T20:56:09.880Z] Action: HOLD
[2025-04-12T20:56:11.006Z] Action: HOLD
[2025-04-12T20:56:12.155Z] Action: HOLD
[2025-04-12T20:56:13.273Z] Action: HOLD
[2025-04-12T20:56:14.459Z] Action: HOLD
[2025-04-12T20:56:15.572Z] Action: HOLD
[2025-04-12T20:56:16.760Z] Action: HOLD
[2025-04-12T20:56:17.886Z] Action: HOLD
[2025-04-12T20:56:19.001Z] Action: HOLD
[2025-04-12T20:56:20.142Z] Action: HOLD
[2025-04-12T20:56:21.275Z] Action: HOLD
[2025-04-12T20:56:22.425Z] Action: HOLD
[2025-04-12T20:56:23.549Z] Action: HOLD
[2025-04-12T20:56:24.686Z] Action: HOLD
[2025-04-12T20:56:25.812Z] Action: HOLD
[2025-04-12T20:56:26.946Z] Action: HOLD
[2025-04-12T20:56:28.058Z] Action: HOLD
[2025-04-12T20:56:29.201Z] Action: HOLD
[2025-04-12T20:56:30.343Z] Action: HOLD
[2025-04-12T20:56:31.456Z] Action: HOLD
[2025-04-12T20:56:33.041Z] Action: HOLD
[2025-04-12T20:56:34.180Z] Action: HOLD
[2025-04-12T20:56:35.303Z] Action: HOLD
[2025-04-12T20:56:36.416Z] Action: HOLD
[2025-04-12T20:56:37.549Z] Action: HOLD
[2025-04-12T20:56:38.664Z] Action: HOLD
[2025-04-12T20:56:40.259Z] Action: HOLD
[2025-04-12T20:56:41.395Z] Action: HOLD
[2025-04-12T20:56:42.573Z] Action: HOLD
[2025-04-12T20:56:43.999Z] Action: HOLD
[2025-04-12T20:56:45.121Z] Action: HOLD
[2025-04-12T20:56:46.230Z] Action: HOLD
[2025-04-12T20:56:47.368Z] Action: HOLD
[2025-04-12T20:56:48.487Z] Action: HOLD
[2025-04-12T20:56:49.610Z] Action: HOLD
[2025-04-12T20:56:50.737Z] Action: HOLD
[2025-04-12T20:56:51.855Z] Action: HOLD
[2025-04-12T20:56:52.968Z] Action: HOLD
[2025-04-12T20:56:54.112Z] Action: HOLD
[2025-04-12T20:56:55.260Z] Action: HOLD
[2025-04-12T20:56:56.385Z] Action: HOLD
[2025-04-12T20:56:57.513Z] Action: HOLD
[2025-04-12T20:56:58.654Z] Action: HOLD
[2025-04-12T20:56:59.780Z] Action: HOLD
[2025-04-12T20:57:00.930Z] Action: HOLD
[2025-04-12T20:57:02.074Z] Action: HOLD
[2025-04-12T20:57:03.191Z] Action: HOLD
[2025-04-12T20:57:04.339Z] Action: HOLD
[2025-04-12T20:57:05.472Z] Action: HOLD
[2025-04-12T20:57:06.581Z] Action: HOLD
[2025-04-12T20:57:07.716Z] Action: HOLD
[2025-04-12T20:57:08.851Z] Action: HOLD
[2025-04-12T20:57:10.458Z] Action: HOLD
[2025-04-12T20:57:11.573Z] Action: HOLD
[2025-04-12T20:57:12.700Z] Action: HOLD
[2025-04-12T20:57:13.849Z] Action: HOLD
[2025-04-12T20:57:15.006Z] Action: HOLD
[2025-04-12T20:57:16.131Z] Action: HOLD
[2025-04-12T20:57:17.261Z] Action: HOLD
[2025-04-12T20:57:18.398Z] Action: HOLD
[2025-04-12T20:57:19.617Z] Action: HOLD
[2025-04-12T20:57:20.765Z] Action: HOLD
[2025-04-12T20:57:21.918Z] Action: HOLD
[2025-04-12T20:57:23.044Z] Action: HOLD
[2025-04-12T20:57:24.177Z] Action: HOLD
[2025-04-12T20:57:25.309Z] Action: HOLD
[2025-04-12T20:57:26.432Z] Action: HOLD
[2025-04-12T20:57:27.548Z] Action: HOLD
[2025-04-12T20:57:28.702Z] Action: HOLD
[2025-04-12T20:57:29.829Z] Action: HOLD
[2025-04-12T20:57:30.955Z] Action: HOLD
[2025-04-12T20:57:32.078Z] Action: HOLD
[2025-04-12T20:57:33.187Z] Action: HOLD
[2025-04-12T20:57:34.321Z] Action: HOLD
[2025-04-12T20:57:35.475Z] Action: HOLD
[2025-04-12T20:57:36.606Z] Action: HOLD
[2025-04-12T20:57:37.751Z] Action: HOLD
[2025-04-12T20:57:39.285Z] Action: HOLD
[2025-04-12T20:57:40.420Z] Action: HOLD
[2025-04-12T20:57:41.571Z] Action: HOLD
[2025-04-12T20:57:42.712Z] Action: HOLD
[2025-04-12T20:57:43.837Z] Action: HOLD
[2025-04-12T20:57:44.999Z] Action: HOLD
[2025-04-12T20:57:46.138Z] Action: HOLD
[2025-04-12T20:57:47.297Z] Action: HOLD
[2025-04-12T20:57:48.436Z] Action: HOLD
[2025-04-12T20:57:49.571Z] Action: HOLD
[2025-04-12T20:57:50.790Z] Action: HOLD
[2025-04-12T20:57:51.912Z] Action: HOLD
[2025-04-12T20:57:53.051Z] Action: HOLD
[2025-04-12T20:57:54.197Z] Action: HOLD
[2025-04-12T20:57:55.355Z] Action: HOLD
[2025-04-12T20:57:56.485Z] Action: HOLD
[2025-04-12T20:57:57.629Z] Action: HOLD
[2025-04-12T20:57:58.764Z] Action: HOLD
[2025-04-12T20:57:59.890Z] Action: HOLD
[2025-04-12T20:58:01.019Z] Action: HOLD
[2025-04-12T20:58:02.135Z] Action: HOLD
[2025-04-12T20:58:03.258Z] Action: HOLD
[2025-04-12T20:58:04.849Z] Action: HOLD
[2025-04-12T20:58:05.978Z] Action: HOLD
[2025-04-12T20:58:07.116Z] Action: HOLD
[2025-04-12T20:58:08.254Z] Action: HOLD
[2025-04-12T20:58:09.373Z] Action: HOLD
[2025-04-12T20:58:10.480Z] Action: HOLD
[2025-04-12T20:58:11.591Z] Action: HOLD
[2025-04-12T20:58:12.709Z] Action: HOLD
[2025-04-12T20:58:13.821Z] Action: HOLD
[2025-04-12T20:58:14.986Z] Action: HOLD
[2025-04-12T20:58:16.123Z] Action: HOLD
[2025-04-12T20:58:17.699Z] Action: HOLD
[2025-04-12T20:58:18.838Z] Action: HOLD
[2025-04-12T20:58:19.975Z] Action: HOLD
[2025-04-12T20:58:21.088Z] Action: HOLD
[2025-04-12T20:58:22.198Z] Action: HOLD
[2025-04-12T20:58:23.326Z] Action: HOLD
[2025-04-12T20:58:24.453Z] Action: HOLD
[2025-04-12T20:58:25.564Z] Action: HOLD
[2025-04-12T20:58:26.711Z] Action: HOLD
[2025-04-12T20:58:27.843Z] Action: HOLD
[2025-04-12T20:58:28.973Z] Action: HOLD
[2025-04-12T20:58:30.099Z] Action: HOLD
[2025-04-12T20:58:31.218Z] Action: HOLD
[2025-04-12T20:58:32.345Z] Action: HOLD
[2025-04-12T20:58:33.467Z] Action: HOLD
[2025-04-12T20:58:34.997Z] Action: HOLD
[2025-04-12T20:58:36.109Z] Action: HOLD
[2025-04-12T20:58:37.224Z] Action: HOLD
[2025-04-12T20:58:38.343Z] Action: HOLD
[2025-04-12T20:58:39.523Z] Action: HOLD
[2025-04-12T20:58:40.644Z] Action: HOLD
[2025-04-12T20:58:41.785Z] Action: HOLD
[2025-04-12T20:58:42.925Z] Action: HOLD
[2025-04-12T20:58:44.050Z] Action: HOLD
[2025-04-12T20:58:45.185Z] Action: HOLD
[2025-04-12T20:58:46.738Z] Action: HOLD
[2025-04-12T20:58:47.873Z] Action: HOLD
[2025-04-12T20:58:49.008Z] Action: HOLD
[2025-04-12T20:58:50.154Z] Action: HOLD
[2025-04-12T20:58:51.292Z] Action: HOLD
[2025-04-12T20:58:52.427Z] Action: HOLD
[2025-04-12T20:58:53.567Z] Action: HOLD
[2025-04-12T20:58:55.182Z] Action: HOLD
[2025-04-12T20:58:56.325Z] Action: HOLD
[2025-04-12T20:58:57.450Z] Action: HOLD
[2025-04-12T20:58:58.610Z] Action: HOLD
[2025-04-12T20:58:59.742Z] Action: HOLD
[2025-04-12T20:59:00.885Z] Action: HOLD
[2025-04-12T20:59:02.015Z] Action: HOLD
[2025-04-12T20:59:03.194Z] Action: HOLD
[2025-04-12T20:59:04.330Z] Action: HOLD
[2025-04-12T20:59:05.461Z] Action: HOLD
[2025-04-12T20:59:06.609Z] Action: HOLD
[2025-04-12T20:59:07.732Z] Action: HOLD
[2025-04-12T20:59:08.865Z] Action: HOLD
[2025-04-12T20:59:09.978Z] Action: HOLD
[2025-04-12T20:59:11.100Z] Action: HOLD
[2025-04-12T20:59:12.242Z] Action: HOLD
[2025-04-12T20:59:13.365Z] Action: HOLD
[2025-04-12T20:59:14.477Z] Action: HOLD
[2025-04-12T20:59:15.648Z] Action: HOLD
[2025-04-12T20:59:16.785Z] Action: HOLD
[2025-04-12T20:59:17.931Z] Action: HOLD
[2025-04-12T20:59:19.056Z] Action: HOLD
[2025-04-12T20:59:20.197Z] Action: HOLD
[2025-04-12T20:59:21.335Z] Action: HOLD
[2025-04-12T20:59:22.476Z] Action: HOLD
[2025-04-12T20:59:23.616Z] Action: HOLD
[2025-04-12T20:59:24.738Z] Action: HOLD
[2025-04-12T20:59:25.896Z] Action: HOLD
[2025-04-12T20:59:27.024Z] Action: HOLD
[2025-04-12T20:59:28.176Z] Action: HOLD
[2025-04-12T20:59:29.327Z] Action: HOLD
[2025-04-12T20:59:30.462Z] Action: HOLD
[2025-04-12T20:59:31.600Z] Action: HOLD
[2025-04-12T20:59:32.755Z] Action: HOLD
[2025-04-12T20:59:33.908Z] Action: HOLD
[2025-04-12T20:59:35.013Z] Action: HOLD
[2025-04-12T20:59:36.157Z] Action: HOLD
[2025-04-12T20:59:37.292Z] Action: HOLD
[2025-04-12T20:59:38.433Z] Action: HOLD
[2025-04-12T20:59:39.578Z] Action: HOLD
[2025-04-12T20:59:40.712Z] Action: HOLD
[2025-04-12T20:59:41.852Z] Action: HOLD
[2025-04-12T20:59:42.994Z] Action: HOLD
[2025-04-12T20:59:44.197Z] Action: HOLD
[2025-04-12T20:59:45.316Z] Action: HOLD
[2025-04-12T20:59:46.451Z] Action: HOLD
[2025-04-12T20:59:47.581Z] Action: HOLD
[2025-04-12T20:59:48.714Z] Action: HOLD
[2025-04-12T20:59:49.862Z] Action: HOLD
[2025-04-12T20:59:51.010Z] Action: HOLD
[2025-04-12T20:59:52.218Z] Action: HOLD
[2025-04-12T20:59:53.370Z] Action: HOLD
[2025-04-12T20:59:54.505Z] Action: HOLD
[2025-04-12T20:59:55.626Z] Action: HOLD
[2025-04-12T20:59:56.764Z] Action: HOLD
[2025-04-12T20:59:58.315Z] Action: HOLD
[2025-04-12T20:59:59.469Z] Action: HOLD
[2025-04-12T21:00:00.618Z] Action: HOLD
[2025-04-12T21:00:02.171Z] Action: HOLD
[2025-04-12T21:00:03.316Z] Action: HOLD
[2025-04-12T21:00:04.460Z] Action: HOLD
[2025-04-12T21:00:05.674Z] Action: HOLD
[2025-04-12T21:00:06.876Z] Action: HOLD
[2025-04-12T21:00:08.028Z] Action: HOLD
[2025-04-12T21:00:09.163Z] Action: HOLD
[2025-04-12T21:00:10.291Z] Action: HOLD
[2025-04-12T21:00:11.422Z] Action: HOLD
[2025-04-12T21:00:13.056Z] Action: HOLD
[2025-04-12T21:00:14.186Z] Action: HOLD
[2025-04-12T21:00:15.708Z] Action: HOLD
[2025-04-12T21:00:16.848Z] Action: HOLD
[2025-04-12T21:00:17.986Z] Action: HOLD
[2025-04-12T21:00:19.129Z] Action: HOLD
[2025-04-12T21:00:20.732Z] Action: HOLD
[2025-04-12T21:00:21.853Z] Action: HOLD
[2025-04-12T21:00:22.994Z] Action: HOLD
[2025-04-12T21:00:24.131Z] Action: HOLD
[2025-04-12T21:00:25.242Z] Action: HOLD
[2025-04-12T21:00:26.365Z] Action: HOLD
[2025-04-12T21:00:27.491Z] Action: HOLD
[2025-04-12T21:00:28.621Z] Action: HOLD
[2025-04-12T21:00:29.767Z] Action: HOLD
[2025-04-12T21:00:30.885Z] Action: HOLD
[2025-04-12T21:00:32.060Z] Action: HOLD
[2025-04-12T21:00:33.206Z] Action: HOLD
[2025-04-12T21:00:34.326Z] Action: HOLD
[2025-04-12T21:00:35.474Z] Action: HOLD
[2025-04-12T21:00:36.605Z] Action: HOLD
[2025-04-12T21:00:37.750Z] Action: HOLD
[2025-04-12T21:00:38.903Z] Action: HOLD
[2025-04-12T21:00:40.058Z] Action: HOLD
[2025-04-12T21:00:41.206Z] Action: HOLD
[2025-04-12T21:00:42.347Z] Action: HOLD
[2025-04-12T21:00:43.493Z] Action: HOLD
[2025-04-12T21:00:44.622Z] Action: HOLD
[2025-04-12T21:00:45.772Z] Action: HOLD
[2025-04-12T21:00:46.919Z] Action: HOLD
[2025-04-12T21:00:48.066Z] Action: HOLD
[2025-04-12T21:00:49.713Z] Action: HOLD
[2025-04-12T21:00:50.850Z] Action: HOLD
[2025-04-12T21:00:51.995Z] Action: HOLD
[2025-04-12T21:00:53.131Z] Action: HOLD
[2025-04-12T21:00:54.283Z] Action: HOLD
[2025-04-12T21:00:55.419Z] Action: HOLD
[2025-04-12T21:00:56.581Z] Action: HOLD
[2025-04-12T21:00:57.723Z] Action: HOLD
[2025-04-12T21:00:58.862Z] Action: HOLD
[2025-04-12T21:01:00.009Z] Action: HOLD
[2025-04-12T21:01:01.133Z] Action: HOLD
[2025-04-12T21:01:02.304Z] Action: HOLD
[2025-04-12T21:01:03.464Z] Action: HOLD
[2025-04-12T21:01:04.622Z] Action: HOLD
[2025-04-12T21:01:05.761Z] Action: HOLD
[2025-04-12T21:01:06.923Z] Action: HOLD
[2025-04-12T21:01:08.138Z] Action: HOLD
[2025-04-12T21:01:09.273Z] Action: HOLD
[2025-04-12T21:01:10.406Z] Action: HOLD
[2025-04-12T21:01:11.537Z] Action: HOLD
[2025-04-12T21:01:12.683Z] Action: HOLD
[2025-04-12T21:01:13.896Z] Action: HOLD
[2025-04-12T21:01:15.048Z] Action: HOLD
[2025-04-12T21:01:16.180Z] Action: HOLD
[2025-04-12T21:01:17.330Z] Action: HOLD
[2025-04-12T21:01:18.465Z] Action: HOLD
[2025-04-12T21:01:19.860Z] Action: HOLD
[2025-04-12T21:01:21.001Z] Action: HOLD
[2025-04-12T21:01:22.128Z] Action: HOLD
[2025-04-12T21:01:23.240Z] Action: HOLD
[2025-04-12T21:01:24.358Z] Action: HOLD
[2025-04-12T21:01:25.496Z] Action: HOLD
[2025-04-12T21:01:26.641Z] Action: HOLD
[2025-04-12T21:01:27.769Z] Action: HOLD
[2025-04-12T21:01:28.908Z] Action: HOLD
[2025-04-12T21:01:30.051Z] Action: HOLD
[2025-04-12T21:01:31.197Z] Action: HOLD
[2025-04-12T21:01:32.730Z] Action: HOLD
[2025-04-12T21:01:33.880Z] Action: HOLD
[2025-04-12T21:01:35.014Z] Action: HOLD
[2025-04-12T21:01:36.149Z] Action: HOLD
[2025-04-12T21:01:37.272Z] Action: HOLD
[2025-04-12T21:01:38.392Z] Action: HOLD
[2025-04-12T21:01:39.539Z] Action: HOLD
[2025-04-12T21:01:40.690Z] Action: HOLD
[2025-04-12T21:01:41.828Z] Action: HOLD
[2025-04-12T21:01:42.959Z] Action: HOLD
[2025-04-12T21:01:44.100Z] Action: HOLD
[2025-04-12T21:01:45.219Z] Action: HOLD
[2025-04-12T21:01:46.328Z] Action: HOLD
[2025-04-12T21:01:47.478Z] Action: HOLD
[2025-04-12T21:01:48.611Z] Action: HOLD
[2025-04-12T21:01:49.769Z] Action: HOLD
[2025-04-12T21:01:50.916Z] Action: HOLD
[2025-04-12T21:01:52.049Z] Action: HOLD
[2025-04-12T21:01:53.197Z] Action: HOLD
[2025-04-12T21:01:54.744Z] Action: HOLD
[2025-04-12T21:01:55.892Z] Action: HOLD
[2025-04-12T21:01:57.016Z] Action: HOLD
[2025-04-12T21:01:58.167Z] Action: HOLD
[2025-04-12T21:01:59.315Z] Action: HOLD
[2025-04-12T21:02:00.535Z] Action: HOLD
[2025-04-12T21:02:01.692Z] Action: HOLD
[2025-04-12T21:02:02.865Z] Action: HOLD
[2025-04-12T21:02:04.024Z] Action: HOLD
[2025-04-12T21:02:05.148Z] Action: HOLD
[2025-04-12T21:02:06.308Z] Action: HOLD
[2025-04-12T21:02:07.442Z] Action: HOLD
[2025-04-12T21:02:08.595Z] Action: HOLD
[2025-04-12T21:02:09.744Z] Action: HOLD
[2025-04-12T21:02:10.855Z] Action: HOLD
[2025-04-12T21:02:11.989Z] Action: HOLD
[2025-04-12T21:02:13.117Z] Action: HOLD
[2025-04-12T21:02:14.401Z] Action: HOLD
[2025-04-12T21:02:15.523Z] Action: HOLD
[2025-04-12T21:02:17.040Z] Action: HOLD
[2025-04-12T21:02:18.178Z] Action: HOLD
[2025-04-12T21:02:19.307Z] Action: HOLD
[2025-04-12T21:02:20.455Z] Action: HOLD
[2025-04-12T21:02:21.606Z] Action: HOLD
[2025-04-12T21:02:22.749Z] Action: HOLD
[2025-04-12T21:02:23.889Z] Action: HOLD
[2025-04-12T21:02:25.023Z] Action: HOLD
[2025-04-12T21:02:26.144Z] Action: HOLD
[2025-04-12T21:02:27.559Z] Action: HOLD
[2025-04-12T21:02:28.743Z] Action: HOLD
[2025-04-12T21:02:29.924Z] Action: HOLD
[2025-04-12T21:02:31.051Z] Action: HOLD
[2025-04-12T21:02:32.209Z] Action: HOLD
[2025-04-12T21:02:33.336Z] Action: HOLD
[2025-04-12T21:02:34.509Z] Action: HOLD
[2025-04-12T21:02:35.701Z] Action: HOLD
[2025-04-12T21:02:36.851Z] Action: HOLD
[2025-04-12T21:02:37.978Z] Action: HOLD
[2025-04-12T21:02:39.086Z] Action: HOLD
[2025-04-12T21:02:40.235Z] Action: HOLD
[2025-04-12T21:02:41.349Z] Action: HOLD
[2025-04-12T21:02:42.482Z] Action: HOLD
[2025-04-12T21:02:43.687Z] Action: HOLD
[2025-04-12T21:02:44.822Z] Action: HOLD
[2025-04-12T21:02:45.972Z] Action: HOLD
[2025-04-12T21:02:47.162Z] Action: HOLD
[2025-04-12T21:02:48.299Z] Action: HOLD
[2025-04-12T21:02:49.434Z] Action: HOLD
[2025-04-12T21:02:50.568Z] Action: HOLD
[2025-04-12T21:02:51.699Z] Action: HOLD
[2025-04-12T21:02:52.911Z] Action: HOLD
[2025-04-12T21:02:54.033Z] Action: HOLD
[2025-04-12T21:02:55.152Z] Action: HOLD
[2025-04-12T21:02:56.284Z] Action: HOLD
[2025-04-12T21:02:57.427Z] Action: HOLD
[2025-04-12T21:02:58.555Z] Action: HOLD
[2025-04-12T21:02:59.728Z] Action: HOLD
[2025-04-12T21:03:00.875Z] Action: HOLD
[2025-04-12T21:03:02.019Z] Action: HOLD
[2025-04-12T21:03:03.158Z] Action: HOLD
[2025-04-12T21:03:04.284Z] Action: HOLD
[2025-04-12T21:03:05.417Z] Action: HOLD
[2025-04-12T21:03:06.970Z] Action: HOLD
[2025-04-12T21:03:08.123Z] Action: HOLD
[2025-04-12T21:03:09.265Z] Action: HOLD
[2025-04-12T21:03:10.418Z] Action: HOLD
[2025-04-12T21:03:11.605Z] Action: HOLD
[2025-04-12T21:03:12.730Z] Action: HOLD
[2025-04-12T21:03:13.847Z] Action: HOLD
[2025-04-12T21:03:14.964Z] Action: HOLD
[2025-04-12T21:03:16.091Z] Action: HOLD
[2025-04-12T21:03:17.221Z] Action: HOLD
[2025-04-12T21:03:18.367Z] Action: HOLD
[2025-04-12T21:03:19.894Z] Action: HOLD
[2025-04-12T21:03:21.031Z] Action: HOLD
[2025-04-12T21:03:22.175Z] Action: HOLD
[2025-04-12T21:03:23.310Z] Action: HOLD
[2025-04-12T21:03:24.458Z] Action: HOLD
[2025-04-12T21:03:25.599Z] Action: HOLD
[2025-04-12T21:03:26.739Z] Action: HOLD
[2025-04-12T21:03:27.891Z] Action: HOLD
[2025-04-12T21:03:29.115Z] Action: HOLD
[2025-04-12T21:03:30.251Z] Action: HOLD
[2025-04-12T21:03:31.389Z] Action: HOLD
[2025-04-12T21:03:32.533Z] Action: HOLD
[2025-04-12T21:03:33.661Z] Action: HOLD
[2025-04-12T21:03:34.816Z] Action: HOLD
[2025-04-12T21:03:35.931Z] Action: HOLD
[2025-04-12T21:03:37.097Z] Action: HOLD
[2025-04-12T21:03:38.241Z] Action: HOLD
[2025-04-12T21:03:39.440Z] Action: HOLD
[2025-04-12T21:03:40.582Z] Action: HOLD
[2025-04-12T21:03:41.717Z] Action: HOLD
[2025-04-12T21:03:42.854Z] Action: HOLD
[2025-04-12T21:03:43.984Z] Action: HOLD
[2025-04-12T21:03:45.122Z] Action: HOLD
[2025-04-12T21:03:46.250Z] Action: HOLD
[2025-04-12T21:03:47.403Z] Action: HOLD
[2025-04-12T21:03:48.926Z] Action: HOLD
[2025-04-12T21:03:50.078Z] Action: HOLD
[2025-04-12T21:03:51.242Z] Action: HOLD
[2025-04-12T21:03:52.390Z] Action: HOLD
[2025-04-12T21:03:53.537Z] Action: HOLD
[2025-04-12T21:03:54.678Z] Action: HOLD
[2025-04-12T21:03:55.827Z] Action: HOLD
[2025-04-12T21:03:56.967Z] Action: HOLD
[2025-04-12T21:03:58.121Z] Action: HOLD
[2025-04-12T21:03:59.261Z] Action: HOLD
[2025-04-12T21:04:00.795Z] Action: HOLD
[2025-04-12T21:04:01.954Z] Action: HOLD
[2025-04-12T21:04:03.093Z] Action: HOLD
[2025-04-12T21:04:04.232Z] Action: HOLD
[2025-04-12T21:04:05.377Z] Action: HOLD
[2025-04-12T21:04:06.523Z] Action: HOLD
[2025-04-12T21:04:07.668Z] Action: HOLD
[2025-04-12T21:04:08.806Z] Action: HOLD
[2025-04-12T21:04:09.950Z] Action: HOLD
[2025-04-12T21:04:11.144Z] Action: HOLD
[2025-04-12T21:04:12.681Z] Action: HOLD
[2025-04-12T21:04:14.219Z] Action: HOLD
[2025-04-12T21:04:15.370Z] Action: HOLD
[2025-04-12T21:04:16.662Z] Action: HOLD
[2025-04-12T21:04:17.827Z] Action: HOLD
[2025-04-12T21:04:18.972Z] Action: HOLD
[2025-04-12T21:04:20.120Z] Action: HOLD
[2025-04-12T21:04:21.273Z] Action: HOLD
[2025-04-12T21:04:22.419Z] Action: HOLD
[2025-04-12T21:04:23.562Z] Action: HOLD
[2025-04-12T21:04:24.677Z] Action: HOLD
[2025-04-12T21:04:25.821Z] Action: HOLD
[2025-04-12T21:04:26.971Z] Action: HOLD
[2025-04-12T21:04:28.114Z] Action: HOLD
[2025-04-12T21:04:29.259Z] Action: HOLD
[2025-04-12T21:04:30.383Z] Action: HOLD
[2025-04-12T21:04:31.535Z] Action: HOLD
[2025-04-12T21:04:32.696Z] Action: HOLD
[2025-04-12T21:04:34.291Z] Action: HOLD
[2025-04-12T21:04:35.404Z] Action: HOLD
[2025-04-12T21:04:36.546Z] Action: HOLD
[2025-04-12T21:04:37.685Z] Action: HOLD
[2025-04-12T21:04:38.825Z] Action: HOLD
[2025-04-12T21:04:39.996Z] Action: HOLD
[2025-04-12T21:04:41.109Z] Action: HOLD
[2025-04-12T21:04:42.243Z] Action: HOLD
[2025-04-12T21:04:43.389Z] Action: HOLD
[2025-04-12T21:04:44.537Z] Action: HOLD
[2025-04-12T21:04:45.675Z] Action: HOLD
[2025-04-12T21:04:46.835Z] Action: HOLD
[2025-04-12T21:04:47.972Z] Action: HOLD
[2025-04-12T21:04:49.108Z] Action: HOLD
[2025-04-12T21:04:50.332Z] Action: HOLD
[2025-04-12T21:04:51.469Z] Action: HOLD
[2025-04-12T21:04:52.642Z] Action: HOLD
[2025-04-12T21:04:53.755Z] Action: HOLD
[2025-04-12T21:04:54.878Z] Action: HOLD
[2025-04-12T21:04:55.987Z] Action: HOLD
[2025-04-12T21:04:57.137Z] Action: HOLD
[2025-04-12T21:04:58.348Z] Action: HOLD
[2025-04-12T21:04:59.472Z] Action: HOLD
[2025-04-12T21:05:00.688Z] Action: HOLD
[2025-04-12T21:05:01.845Z] Action: HOLD
[2025-04-12T21:05:02.991Z] Action: HOLD
[2025-04-12T21:05:04.128Z] Action: HOLD
[2025-04-12T21:05:05.277Z] Action: HOLD
[2025-04-12T21:05:06.409Z] Action: HOLD
[2025-04-12T21:05:07.537Z] Action: HOLD
[2025-04-12T21:05:08.734Z] Action: HOLD
[2025-04-12T21:05:09.881Z] Action: HOLD
[2025-04-12T21:05:11.077Z] Action: HOLD
[2025-04-12T21:05:12.227Z] Action: HOLD
[2025-04-12T21:05:13.386Z] Action: HOLD
[2025-04-12T21:05:14.519Z] Action: HOLD
[2025-04-12T21:05:15.664Z] Action: HOLD
[2025-04-12T21:05:16.810Z] Action: HOLD
[2025-04-12T21:05:18.066Z] Action: HOLD
[2025-04-12T21:05:19.700Z] Action: HOLD
[2025-04-12T21:05:20.853Z] Action: HOLD
[2025-04-12T21:05:22.009Z] Action: HOLD
[2025-04-12T21:05:23.160Z] Action: HOLD
[2025-04-12T21:05:24.313Z] Action: HOLD
[2025-04-12T21:05:25.900Z] Action: HOLD
[2025-04-12T21:05:27.032Z] Action: HOLD
[2025-04-12T21:05:28.172Z] Action: HOLD
[2025-04-12T21:05:29.309Z] Action: HOLD
[2025-04-12T21:05:30.432Z] Action: HOLD
[2025-04-12T21:05:31.574Z] Action: HOLD
[2025-04-12T21:05:32.721Z] Action: HOLD
[2025-04-12T21:05:34.311Z] Action: HOLD
[2025-04-12T21:05:35.445Z] Action: HOLD
[2025-04-12T21:05:36.584Z] Action: HOLD
[2025-04-12T21:05:37.736Z] Action: HOLD
[2025-04-12T21:05:38.875Z] Action: HOLD
[2025-04-12T21:05:40.030Z] Action: HOLD
[2025-04-12T21:05:41.146Z] Action: HOLD
[2025-04-12T21:05:42.305Z] Action: HOLD
[2025-04-12T21:05:43.481Z] Action: HOLD
[2025-04-12T21:05:44.629Z] Action: HOLD
[2025-04-12T21:05:45.774Z] Action: HOLD
[2025-04-12T21:05:46.926Z] Action: HOLD
[2025-04-12T21:05:48.061Z] Action: HOLD
[2025-04-12T21:05:49.173Z] Action: HOLD
[2025-04-12T21:05:50.325Z] Action: HOLD
[2025-04-12T21:05:51.480Z] Action: HOLD
[2025-04-12T21:05:52.632Z] Action: HOLD
[2025-04-12T21:05:53.771Z] Action: HOLD
[2025-04-12T21:05:54.916Z] Action: HOLD
[2025-04-12T21:05:56.070Z] Action: HOLD
[2025-04-12T21:05:57.192Z] Action: HOLD
[2025-04-12T21:05:58.342Z] Action: HOLD
[2025-04-12T21:05:59.490Z] Action: HOLD
[2025-04-12T21:06:00.645Z] Action: HOLD
[2025-04-12T21:06:01.841Z] Action: HOLD
[2025-04-12T21:06:02.984Z] Action: HOLD
[2025-04-12T21:06:04.152Z] Action: HOLD
[2025-04-12T21:06:05.299Z] Action: HOLD
[2025-04-12T21:06:06.434Z] Action: HOLD
[2025-04-12T21:06:07.582Z] Action: HOLD
[2025-04-12T21:06:08.726Z] Action: HOLD
[2025-04-12T21:06:09.874Z] Action: HOLD
[2025-04-12T21:06:11.025Z] Action: HOLD
[2025-04-12T21:06:12.174Z] Action: HOLD
[2025-04-12T21:06:13.308Z] Action: HOLD
[2025-04-12T21:06:14.448Z] Action: HOLD
[2025-04-12T21:06:15.578Z] Action: HOLD
[2025-04-12T21:06:16.715Z] Action: HOLD
[2025-04-12T21:06:17.862Z] Action: HOLD
[2025-04-12T21:06:19.104Z] Action: HOLD
[2025-04-12T21:06:20.289Z] Action: HOLD
[2025-04-12T21:06:21.884Z] Action: HOLD
[2025-04-12T21:06:23.027Z] Action: HOLD
[2025-04-12T21:06:24.170Z] Action: HOLD
[2025-04-12T21:06:25.320Z] Action: HOLD
[2025-04-12T21:06:26.464Z] Action: HOLD
[2025-04-12T21:06:27.583Z] Action: HOLD
[2025-04-12T21:06:28.720Z] Action: HOLD
[2025-04-12T21:06:29.878Z] Action: HOLD
[2025-04-12T21:06:31.020Z] Action: HOLD
[2025-04-12T21:06:32.141Z] Action: HOLD
[2025-04-12T21:06:33.282Z] Action: HOLD
[2025-04-12T21:06:34.413Z] Action: HOLD
[2025-04-12T21:06:36.045Z] Action: HOLD
[2025-04-12T21:06:37.164Z] Action: HOLD
[2025-04-12T21:06:38.305Z] Action: HOLD
[2025-04-12T21:06:39.438Z] Action: HOLD
[2025-04-12T21:06:40.592Z] Action: HOLD
[2025-04-12T21:06:41.747Z] Action: HOLD
[2025-04-12T21:06:42.891Z] Action: HOLD
[2025-04-12T21:06:44.029Z] Action: HOLD
[2025-04-12T21:06:45.185Z] Action: HOLD
[2025-04-12T21:06:46.356Z] Action: HOLD
[2025-04-12T21:06:47.679Z] Action: HOLD
[2025-04-12T21:06:48.835Z] Action: HOLD
[2025-04-12T21:06:49.979Z] Action: HOLD
[2025-04-12T21:06:51.131Z] Action: HOLD
[2025-04-12T21:06:52.279Z] Action: HOLD
[2025-04-12T21:06:53.437Z] Action: HOLD
[2025-04-12T21:06:54.580Z] Action: HOLD
[2025-04-12T21:06:55.751Z] Action: HOLD
[2025-04-12T21:06:57.303Z] Action: HOLD
[2025-04-12T21:06:58.459Z] Action: HOLD
[2025-04-12T21:06:59.608Z] Action: HOLD
[2025-04-12T21:07:00.774Z] Action: HOLD
[2025-04-12T21:07:01.927Z] Action: HOLD
[2025-04-12T21:07:03.061Z] Action: HOLD
[2025-04-12T21:07:04.201Z] Action: HOLD
[2025-04-12T21:07:05.412Z] Action: HOLD
[2025-04-12T21:07:06.556Z] Action: HOLD
[2025-04-12T21:07:07.694Z] Action: HOLD
[2025-04-12T21:07:08.830Z] Action: HOLD
[2025-04-12T21:07:09.975Z] Action: HOLD
[2025-04-12T21:07:11.117Z] Action: HOLD
[2025-04-12T21:07:12.287Z] Action: HOLD
[2025-04-12T21:07:13.399Z] Action: HOLD
[2025-04-12T21:07:14.907Z] Action: HOLD
[2025-04-12T21:07:16.045Z] Action: HOLD
[2025-04-12T21:07:17.185Z] Action: HOLD
[2025-04-12T21:07:18.313Z] Action: HOLD
[2025-04-12T21:07:19.456Z] Action: HOLD
[2025-04-12T21:07:20.578Z] Action: HOLD
[2025-04-12T21:07:21.699Z] Action: HOLD
[2025-04-12T21:07:22.845Z] Action: HOLD
[2025-04-12T21:07:23.995Z] Action: HOLD
[2025-04-12T21:07:25.131Z] Action: HOLD
[2025-04-12T21:07:26.269Z] Action: HOLD
[2025-04-12T21:07:27.422Z] Action: HOLD
[2025-04-12T21:07:28.573Z] Action: HOLD
[2025-04-12T21:07:29.720Z] Action: HOLD
[2025-04-12T21:07:30.865Z] Action: HOLD
[2025-04-12T21:07:32.012Z] Action: HOLD
[2025-04-12T21:07:33.176Z] Action: HOLD
[2025-04-12T21:07:34.305Z] Action: HOLD
[2025-04-12T21:07:35.464Z] Action: HOLD
[2025-04-12T21:07:36.597Z] Action: HOLD
[2025-04-12T21:07:37.753Z] Action: HOLD
[2025-04-12T21:07:38.908Z] Action: HOLD
[2025-04-12T21:07:40.059Z] Action: HOLD
[2025-04-12T21:07:41.206Z] Action: HOLD
[2025-04-12T21:07:42.331Z] Action: HOLD
[2025-04-12T21:07:43.479Z] Action: HOLD
[2025-04-12T21:07:44.665Z] Action: HOLD
[2025-04-12T21:07:45.806Z] Action: HOLD
[2025-04-12T21:07:46.968Z] Action: HOLD
[2025-04-12T21:07:48.128Z] Action: HOLD
[2025-04-12T21:07:49.744Z] Action: HOLD
[2025-04-12T21:07:50.893Z] Action: HOLD
[2025-04-12T21:07:52.052Z] Action: HOLD
[2025-04-12T21:07:53.198Z] Action: HOLD
[2025-04-12T21:07:54.747Z] Action: HOLD
[2025-04-12T21:07:55.878Z] Action: HOLD
[2025-04-12T21:07:57.070Z] Action: HOLD
[2025-04-12T21:07:58.185Z] Action: HOLD
[2025-04-12T21:07:59.328Z] Action: HOLD
[2025-04-12T21:08:00.482Z] Action: HOLD
[2025-04-12T21:08:01.713Z] Action: HOLD
[2025-04-12T21:08:02.855Z] Action: HOLD
[2025-04-12T21:08:04.353Z] Action: HOLD
[2025-04-12T21:08:05.498Z] Action: HOLD
[2025-04-12T21:08:06.914Z] Action: HOLD
[2025-04-12T21:08:08.034Z] Action: HOLD
[2025-04-12T21:08:09.161Z] Action: HOLD
[2025-04-12T21:08:10.303Z] Action: HOLD
[2025-04-12T21:08:11.448Z] Action: HOLD
[2025-04-12T21:08:12.564Z] Action: HOLD
[2025-04-12T21:08:13.706Z] Action: HOLD
[2025-04-12T21:08:14.847Z] Action: HOLD
[2025-04-12T21:08:15.994Z] Action: HOLD
[2025-04-12T21:08:17.141Z] Action: HOLD
[2025-04-12T21:08:18.293Z] Action: HOLD
[2025-04-12T21:08:19.846Z] Action: HOLD
[2025-04-12T21:08:21.064Z] Action: HOLD
[2025-04-12T21:08:22.215Z] Action: HOLD
[2025-04-12T21:08:23.573Z] Action: HOLD
[2025-04-12T21:08:24.721Z] Action: HOLD
[2025-04-12T21:08:25.880Z] Action: HOLD
[2025-04-12T21:08:27.034Z] Action: HOLD
[2025-04-12T21:08:28.194Z] Action: HOLD
[2025-04-12T21:08:29.345Z] Action: HOLD
[2025-04-12T21:08:30.494Z] Action: HOLD
[2025-04-12T21:08:31.634Z] Action: HOLD
[2025-04-12T21:08:32.790Z] Action: HOLD
[2025-04-12T21:08:33.916Z] Action: HOLD
[2025-04-12T21:08:35.048Z] Action: HOLD
[2025-04-12T21:08:36.676Z] Action: HOLD
[2025-04-12T21:08:37.812Z] Action: HOLD
[2025-04-12T21:08:38.964Z] Action: HOLD
[2025-04-12T21:08:40.093Z] Action: HOLD
[2025-04-12T21:08:41.250Z] Action: HOLD
[2025-04-12T21:08:42.390Z] Action: HOLD
[2025-04-12T21:08:43.535Z] Action: HOLD
[2025-04-12T21:08:44.692Z] Action: HOLD
[2025-04-12T21:08:45.844Z] Action: HOLD
[2025-04-12T21:08:46.986Z] Action: HOLD
[2025-04-12T21:08:48.559Z] Action: HOLD
[2025-04-12T21:08:49.707Z] Action: HOLD
[2025-04-12T21:08:50.860Z] Action: HOLD
[2025-04-12T21:08:52.011Z] Action: HOLD
[2025-04-12T21:08:53.142Z] Action: HOLD
[2025-04-12T21:08:54.347Z] Action: HOLD
[2025-04-12T21:08:55.503Z] Action: HOLD
[2025-04-12T21:08:56.638Z] Action: HOLD
[2025-04-12T21:08:58.283Z] Action: HOLD
[2025-04-12T21:08:59.430Z] Action: HOLD
[2025-04-12T21:09:00.589Z] Action: HOLD
[2025-04-12T21:09:01.712Z] Action: HOLD
[2025-04-12T21:09:02.869Z] Action: HOLD
[2025-04-12T21:09:04.018Z] Action: HOLD
[2025-04-12T21:09:05.659Z] Action: HOLD
[2025-04-12T21:09:06.805Z] Action: HOLD
[2025-04-12T21:09:08.423Z] Action: HOLD
[2025-04-12T21:09:09.563Z] Action: HOLD
[2025-04-12T21:09:10.713Z] Action: HOLD
[2025-04-12T21:09:11.833Z] Action: HOLD
[2025-04-12T21:09:12.951Z] Action: HOLD
[2025-04-12T21:09:14.082Z] Action: HOLD
[2025-04-12T21:09:15.194Z] Action: HOLD
[2025-04-12T21:09:16.336Z] Action: HOLD
[2025-04-12T21:09:17.489Z] Action: HOLD
[2025-04-12T21:09:18.619Z] Action: HOLD
[2025-04-12T21:09:19.756Z] Action: HOLD
[2025-04-12T21:09:20.889Z] Action: HOLD
[2025-04-12T21:09:22.327Z] Action: HOLD
[2025-04-12T21:09:23.451Z] Action: HOLD
[2025-04-12T21:09:24.584Z] Action: HOLD
[2025-04-12T21:09:25.700Z] Action: HOLD
[2025-04-12T21:09:26.850Z] Action: HOLD
[2025-04-12T21:09:28.043Z] Action: HOLD
[2025-04-12T21:09:29.171Z] Action: HOLD
[2025-04-12T21:09:30.319Z] Action: HOLD
[2025-04-12T21:09:31.434Z] Action: HOLD
[2025-04-12T21:09:32.567Z] Action: HOLD
[2025-04-12T21:09:33.678Z] Action: HOLD
[2025-04-12T21:09:34.804Z] Action: HOLD
[2025-04-12T21:09:35.946Z] Action: HOLD
[2025-04-12T21:09:37.090Z] Action: HOLD
[2025-04-12T21:09:38.235Z] Action: HOLD
[2025-04-12T21:09:39.379Z] Action: HOLD
[2025-04-12T21:09:40.529Z] Action: HOLD
[2025-04-12T21:09:41.654Z] Action: HOLD
[2025-04-12T21:09:42.872Z] Action: HOLD
[2025-04-12T21:09:44.026Z] Action: HOLD
[2025-04-12T21:09:45.183Z] Action: HOLD
[2025-04-12T21:09:46.319Z] Action: HOLD
[2025-04-12T21:09:47.477Z] Action: HOLD
[2025-04-12T21:09:48.622Z] Action: HOLD
[2025-04-12T21:09:49.834Z] Action: HOLD
[2025-04-12T21:09:50.980Z] Action: HOLD
[2025-04-12T21:09:52.140Z] Action: HOLD
[2025-04-12T21:09:53.286Z] Action: HOLD
[2025-04-12T21:09:54.428Z] Action: HOLD
[2025-04-12T21:09:55.582Z] Action: HOLD
[2025-04-12T21:09:57.160Z] Action: HOLD
[2025-04-12T21:09:58.306Z] Action: HOLD
[2025-04-12T21:09:59.449Z] Action: HOLD
[2025-04-12T21:10:00.584Z] Action: HOLD
[2025-04-12T21:10:01.721Z] Action: HOLD
[2025-04-12T21:10:02.852Z] Action: HOLD
[2025-04-12T21:10:04.086Z] Action: HOLD
[2025-04-12T21:10:05.217Z] Action: HOLD
[2025-04-12T21:10:06.424Z] Action: BUY
[2025-04-12T21:10:07.641Z] Action: BUY
[2025-04-12T21:10:08.856Z] Action: BUY
[2025-04-12T21:10:10.092Z] Action: BUY
[2025-04-12T21:10:11.361Z] Action: BUY
[2025-04-12T21:10:12.561Z] Action: BUY
[2025-04-12T21:10:13.749Z] Action: BUY
[2025-04-12T21:10:14.985Z] Action: BUY
[2025-04-12T21:10:16.190Z] Action: BUY
[2025-04-12T21:10:17.489Z] Action: BUY
[2025-04-12T21:10:18.683Z] Action: BUY
[2025-04-12T21:10:19.887Z] Action: BUY
[2025-04-12T21:10:21.092Z] Action: BUY
[2025-04-12T21:10:22.269Z] Action: BUY
[2025-04-12T21:10:23.688Z] Action: BUY
[2025-04-12T21:10:25.530Z] Action: BUY
[2025-04-12T21:10:27.378Z] Action: BUY
[2025-04-12T21:10:29.308Z] Action: BUY
[2025-04-12T21:10:31.263Z] Action: BUY
[2025-04-12T21:10:32.651Z] Action: BUY
[2025-04-12T21:10:34.882Z] Action: BUY
[2025-04-12T21:10:36.942Z] Action: BUY
[2025-04-12T21:10:38.212Z] Action: BUY
[2025-04-12T21:10:39.599Z] Action: BUY
[2025-04-12T21:10:40.814Z] Action: BUY
[2025-04-12T21:10:42.288Z] Action: BUY
[2025-04-12T21:10:44.164Z] Action: BUY
[2025-04-12T21:10:46.127Z] Action: BUY
[2025-04-12T21:10:47.944Z] Action: BUY
[2025-04-12T21:10:50.415Z] Action: BUY
[2025-04-12T21:10:52.358Z] Action: BUY
[2025-04-12T21:10:54.511Z] Action: BUY
[2025-04-12T21:10:56.455Z] Action: BUY
[2025-04-12T21:10:58.393Z] Action: BUY
[2025-04-12T21:11:00.447Z] Action: BUY
[2025-04-12T21:11:02.397Z] Action: BUY
[2025-04-12T21:11:04.340Z] Action: BUY
[2025-04-12T21:11:06.182Z] Action: BUY
[2025-04-12T21:11:07.823Z] Action: HOLD
[2025-04-12T21:11:09.441Z] Action: HOLD
[2025-04-12T21:11:11.098Z] Action: HOLD
[2025-04-12T21:11:12.737Z] Action: HOLD
[2025-04-12T21:11:14.666Z] Action: HOLD
[2025-04-12T21:11:16.068Z] Action: HOLD
[2025-04-12T21:11:17.347Z] Action: HOLD
[2025-04-12T21:11:18.563Z] Action: HOLD
[2025-04-12T21:11:19.808Z] Action: HOLD
[2025-04-12T21:11:21.072Z] Action: HOLD
[2025-04-12T21:11:22.285Z] Action: HOLD
[2025-04-12T21:11:23.533Z] Action: HOLD
[2025-04-12T21:11:24.842Z] Action: HOLD
[2025-04-12T21:11:26.049Z] Action: HOLD
[2025-04-12T21:11:27.227Z] Action: HOLD
[2025-04-12T21:11:28.346Z] Action: HOLD
[2025-04-12T21:11:29.482Z] Action: HOLD
[2025-04-12T21:11:30.610Z] Action: HOLD
[2025-04-12T21:11:31.725Z] Action: HOLD
[2025-04-12T21:11:32.870Z] Action: HOLD
[2025-04-12T21:11:34.009Z] Action: HOLD
[2025-04-12T21:11:35.296Z] Action: HOLD
[2025-04-12T21:11:36.711Z] Action: HOLD
[2025-04-12T21:11:38.003Z] Action: HOLD
[2025-04-12T21:11:39.253Z] Action: HOLD
[2025-04-12T21:11:40.388Z] Action: HOLD
[2025-04-12T21:11:41.512Z] Action: HOLD
[2025-04-12T21:11:42.712Z] Action: HOLD
[2025-04-12T21:11:43.839Z] Action: HOLD
[2025-04-12T21:11:44.996Z] Action: HOLD
[2025-04-12T21:11:46.104Z] Action: HOLD
[2025-04-12T21:11:47.237Z] Action: HOLD
[2025-04-12T21:11:48.365Z] Action: HOLD
[2025-04-12T21:11:49.475Z] Action: HOLD
[2025-04-12T21:11:50.604Z] Action: HOLD
[2025-04-12T21:11:51.731Z] Action: HOLD
[2025-04-12T21:11:52.887Z] Action: HOLD
[2025-04-12T21:11:54.048Z] Action: HOLD
[2025-04-12T21:11:55.193Z] Action: HOLD
[2025-04-12T21:11:56.319Z] Action: HOLD
[2025-04-12T21:11:57.468Z] Action: HOLD
[2025-04-12T21:11:58.603Z] Action: HOLD
[2025-04-12T21:11:59.719Z] Action: HOLD
[2025-04-12T21:12:00.850Z] Action: HOLD
[2025-04-12T21:12:02.000Z] Action: HOLD
[2025-04-12T21:12:03.499Z] Action: HOLD
[2025-04-12T21:12:04.652Z] Action: HOLD
[2025-04-12T21:12:05.786Z] Action: HOLD
[2025-04-12T21:12:06.934Z] Action: HOLD
[2025-04-12T21:12:08.084Z] Action: HOLD
[2025-04-12T21:12:09.608Z] Action: HOLD
[2025-04-12T21:12:10.759Z] Action: HOLD
[2025-04-12T21:12:11.897Z] Action: HOLD
[2025-04-12T21:12:13.041Z] Action: HOLD
[2025-04-12T21:12:14.182Z] Action: HOLD
[2025-04-12T21:12:15.305Z] Action: HOLD
[2025-04-12T21:12:16.424Z] Action: HOLD
[2025-04-12T21:12:17.557Z] Action: HOLD
[2025-04-12T21:12:18.701Z] Action: HOLD
[2025-04-12T21:12:19.815Z] Action: HOLD
[2025-04-12T21:12:20.967Z] Action: HOLD
[2025-04-12T21:12:22.088Z] Action: HOLD
[2025-04-12T21:12:23.218Z] Action: HOLD
[2025-04-12T21:12:24.340Z] Action: HOLD
[2025-04-12T21:12:25.509Z] Action: HOLD
[2025-04-12T21:12:26.648Z] Action: HOLD
[2025-04-12T21:12:27.782Z] Action: HOLD
[2025-04-12T21:12:28.928Z] Action: HOLD
[2025-04-12T21:12:30.066Z] Action: HOLD
[2025-04-12T21:12:31.597Z] Action: HOLD
[2025-04-12T21:12:32.740Z] Action: HOLD
[2025-04-12T21:12:33.882Z] Action: HOLD
[2025-04-12T21:12:35.146Z] Action: HOLD
[2025-04-12T21:12:36.295Z] Action: HOLD
[2025-04-12T21:12:37.441Z] Action: HOLD
[2025-04-12T21:12:38.589Z] Action: HOLD
[2025-04-12T21:12:39.748Z] Action: HOLD
[2025-04-12T21:12:40.901Z] Action: HOLD
[2025-04-12T21:12:42.062Z] Action: HOLD
[2025-04-12T21:12:43.212Z] Action: HOLD
[2025-04-12T21:12:44.352Z] Action: HOLD
[2025-04-12T21:12:45.474Z] Action: HOLD
[2025-04-12T21:12:46.609Z] Action: HOLD
[2025-04-12T21:12:47.733Z] Action: HOLD
[2025-04-12T21:12:48.860Z] Action: HOLD
[2025-04-12T21:12:50.010Z] Action: HOLD
[2025-04-12T21:12:51.143Z] Action: HOLD
[2025-04-12T21:12:52.384Z] Action: HOLD
[2025-04-12T21:12:53.522Z] Action: HOLD
[2025-04-12T21:12:54.649Z] Action: HOLD
[2025-04-12T21:12:55.845Z] Action: HOLD
[2025-04-12T21:12:56.964Z] Action: HOLD
[2025-04-12T21:12:58.086Z] Action: HOLD
[2025-04-12T21:12:59.329Z] Action: HOLD
[2025-04-12T21:13:00.454Z] Action: HOLD
[2025-04-12T21:13:01.572Z] Action: HOLD
[2025-04-12T21:13:02.707Z] Action: HOLD
[2025-04-12T21:13:03.820Z] Action: HOLD
[2025-04-12T21:13:04.963Z] Action: HOLD
[2025-04-12T21:13:06.566Z] Action: HOLD
[2025-04-12T21:13:07.716Z] Action: HOLD
[2025-04-12T21:13:08.856Z] Action: HOLD
[2025-04-12T21:13:09.982Z] Action: HOLD
[2025-04-12T21:13:11.134Z] Action: HOLD
[2025-04-12T21:13:12.250Z] Action: HOLD
[2025-04-12T21:13:13.891Z] Action: HOLD
[2025-04-12T21:13:15.017Z] Action: HOLD
[2025-04-12T21:13:16.152Z] Action: HOLD
[2025-04-12T21:13:17.270Z] Action: HOLD
[2025-04-12T21:13:18.413Z] Action: HOLD
[2025-04-12T21:13:19.564Z] Action: HOLD
[2025-04-12T21:13:20.717Z] Action: HOLD
[2025-04-12T21:13:21.856Z] Action: HOLD
[2025-04-12T21:13:23.393Z] Action: HOLD
[2025-04-12T21:13:24.535Z] Action: HOLD
[2025-04-12T21:13:25.661Z] Action: HOLD
[2025-04-12T21:13:26.782Z] Action: HOLD
[2025-04-12T21:13:27.912Z] Action: HOLD
[2025-04-12T21:13:29.070Z] Action: HOLD
[2025-04-12T21:13:30.184Z] Action: HOLD
[2025-04-12T21:13:31.299Z] Action: HOLD
[2025-04-12T21:13:32.424Z] Action: HOLD
[2025-04-12T21:13:33.568Z] Action: HOLD
[2025-04-12T21:13:34.697Z] Action: HOLD
[2025-04-12T21:13:35.821Z] Action: HOLD
[2025-04-12T21:13:36.956Z] Action: HOLD
[2025-04-12T21:13:38.074Z] Action: HOLD
[2025-04-12T21:13:39.221Z] Action: HOLD
[2025-04-12T21:13:40.373Z] Action: HOLD
[2025-04-12T21:13:41.511Z] Action: HOLD
[2025-04-12T21:13:42.634Z] Action: HOLD
[2025-04-12T21:13:43.820Z] Action: HOLD
[2025-04-12T21:13:44.970Z] Action: HOLD
[2025-04-12T21:13:46.123Z] Action: HOLD
[2025-04-12T21:13:47.363Z] Action: HOLD
[2025-04-12T21:13:48.505Z] Action: HOLD
[2025-04-12T21:13:49.659Z] Action: HOLD
[2025-04-12T21:13:50.801Z] Action: HOLD
[2025-04-12T21:13:51.946Z] Action: HOLD
[2025-04-12T21:13:53.096Z] Action: HOLD
[2025-04-12T21:13:54.347Z] Action: HOLD
[2025-04-12T21:13:55.473Z] Action: HOLD
[2025-04-12T21:13:56.581Z] Action: HOLD
[2025-04-12T21:13:57.745Z] Action: HOLD
[2025-04-12T21:13:58.896Z] Action: HOLD
[2025-04-12T21:14:00.021Z] Action: HOLD
[2025-04-12T21:14:01.175Z] Action: HOLD
[2025-04-12T21:14:02.308Z] Action: HOLD
[2025-04-12T21:14:03.463Z] Action: HOLD
[2025-04-12T21:14:04.608Z] Action: HOLD
[2025-04-12T21:14:06.218Z] Action: HOLD
[2025-04-12T21:14:07.360Z] Action: HOLD
[2025-04-12T21:14:08.516Z] Action: HOLD
[2025-04-12T21:14:09.671Z] Action: HOLD
[2025-04-12T21:14:10.810Z] Action: HOLD
[2025-04-12T21:14:11.952Z] Action: HOLD
[2025-04-12T21:14:13.580Z] Action: HOLD
[2025-04-12T21:14:14.714Z] Action: HOLD
[2025-04-12T21:14:15.835Z] Action: HOLD
[2025-04-12T21:14:16.964Z] Action: HOLD
[2025-04-12T21:14:18.078Z] Action: HOLD
[2025-04-12T21:14:19.228Z] Action: HOLD
[2025-04-12T21:14:20.371Z] Action: HOLD
[2025-04-12T21:14:21.538Z] Action: HOLD
[2025-04-12T21:14:22.673Z] Action: HOLD
[2025-04-12T21:14:23.806Z] Action: HOLD
[2025-04-12T21:14:24.954Z] Action: HOLD
[2025-04-12T21:14:26.064Z] Action: HOLD
[2025-04-12T21:14:27.213Z] Action: HOLD
[2025-04-12T21:14:28.588Z] Action: HOLD
[2025-04-12T21:14:29.743Z] Action: HOLD
[2025-04-12T21:14:30.877Z] Action: HOLD
[2025-04-12T21:14:31.992Z] Action: HOLD
[2025-04-12T21:14:33.112Z] Action: HOLD
[2025-04-12T21:14:34.230Z] Action: HOLD
[2025-04-12T21:14:35.346Z] Action: HOLD
[2025-04-12T21:14:36.562Z] Action: HOLD
[2025-04-12T21:14:37.677Z] Action: HOLD
[2025-04-12T21:14:38.798Z] Action: HOLD
[2025-04-12T21:14:39.944Z] Action: HOLD
[2025-04-12T21:14:41.076Z] Action: HOLD
[2025-04-12T21:14:42.669Z] Action: HOLD
[2025-04-12T21:14:43.795Z] Action: HOLD
[2025-04-12T21:14:44.931Z] Action: HOLD
[2025-04-12T21:14:46.069Z] Action: HOLD
[2025-04-12T21:14:47.214Z] Action: HOLD
[2025-04-12T21:14:48.811Z] Action: HOLD
[2025-04-12T21:14:49.970Z] Action: HOLD
[2025-04-12T21:14:51.094Z] Action: HOLD
[2025-04-12T21:14:52.214Z] Action: HOLD
[2025-04-12T21:14:53.363Z] Action: HOLD
[2025-04-12T21:14:54.498Z] Action: HOLD
[2025-04-12T21:14:55.614Z] Action: HOLD
[2025-04-12T21:14:57.131Z] Action: HOLD
[2025-04-12T21:14:58.275Z] Action: HOLD
[2025-04-12T21:14:59.411Z] Action: HOLD
[2025-04-12T21:15:00.552Z] Action: HOLD
[2025-04-12T21:15:01.692Z] Action: HOLD
[2025-04-12T21:15:02.856Z] Action: HOLD
[2025-04-12T21:15:03.998Z] Action: HOLD
[2025-04-12T21:15:05.126Z] Action: HOLD
[2025-04-12T21:15:06.351Z] Action: BUY
[2025-04-12T21:15:07.521Z] Action: BUY
[2025-04-12T21:15:08.728Z] Action: BUY
[2025-04-12T21:15:09.967Z] Action: BUY
[2025-04-12T21:15:11.282Z] Action: BUY
[2025-04-12T21:15:12.478Z] Action: BUY
[2025-04-12T21:15:13.685Z] Action: BUY
[2025-04-12T21:15:14.893Z] Action: BUY
[2025-04-12T21:15:16.061Z] Action: BUY
[2025-04-12T21:15:17.265Z] Action: BUY
[2025-04-12T21:15:18.755Z] Action: BUY
[2025-04-12T21:15:20.099Z] Action: BUY
[2025-04-12T21:15:21.310Z] Action: BUY
[2025-04-12T21:15:22.531Z] Action: BUY
[2025-04-12T21:15:23.734Z] Action: BUY
[2025-04-12T21:15:24.949Z] Action: BUY
[2025-04-12T21:15:26.155Z] Action: BUY
[2025-04-12T21:15:27.473Z] Action: BUY
[2025-04-12T21:15:28.664Z] Action: BUY
[2025-04-12T21:15:29.970Z] Action: BUY
[2025-04-12T21:15:31.176Z] Action: BUY
[2025-04-12T21:15:32.426Z] Action: BUY
[2025-04-12T21:15:33.644Z] Action: BUY
[2025-04-12T21:15:34.856Z] Action: BUY
[2025-04-12T21:15:36.061Z] Action: BUY
[2025-04-12T21:15:37.263Z] Action: BUY
[2025-04-12T21:15:38.492Z] Action: BUY
[2025-04-12T21:15:40.295Z] Action: BUY
[2025-04-12T21:15:41.525Z] Action: BUY
[2025-04-12T21:15:42.831Z] Action: BUY
[2025-04-12T21:15:44.038Z] Action: BUY
[2025-04-12T21:15:45.247Z] Action: BUY
[2025-04-12T21:15:46.443Z] Action: BUY
[2025-04-12T21:15:47.657Z] Action: BUY
[2025-04-12T21:15:48.874Z] Action: BUY
[2025-04-12T21:15:50.132Z] Action: BUY
[2025-04-12T21:15:51.339Z] Action: BUY
[2025-04-12T21:15:52.562Z] Action: BUY
[2025-04-12T21:15:53.789Z] Action: BUY
[2025-04-12T21:15:54.978Z] Action: BUY
[2025-04-12T21:15:56.660Z] Action: BUY
[2025-04-12T21:15:57.831Z] Action: BUY
[2025-04-12T21:15:59.036Z] Action: BUY
[2025-04-12T21:16:00.240Z] Action: BUY
[2025-04-12T21:16:01.466Z] Action: BUY
[2025-04-12T21:16:02.677Z] Action: BUY
[2025-04-12T21:16:03.886Z] Action: BUY
[2025-04-12T21:16:05.159Z] Action: BUY
[2025-04-12T21:16:06.351Z] Action: BUY
[2025-04-12T21:16:07.504Z] Action: HOLD
[2025-04-12T21:16:08.630Z] Action: HOLD
[2025-04-12T21:16:09.783Z] Action: HOLD
[2025-04-12T21:16:10.929Z] Action: HOLD
[2025-04-12T21:16:12.059Z] Action: HOLD
[2025-04-12T21:16:13.249Z] Action: HOLD
[2025-04-12T21:16:14.381Z] Action: HOLD
[2025-04-12T21:16:15.536Z] Action: HOLD
[2025-04-12T21:16:16.670Z] Action: HOLD
[2025-04-12T21:16:17.801Z] Action: HOLD
[2025-04-12T21:16:18.926Z] Action: HOLD
[2025-04-12T21:16:20.054Z] Action: HOLD
[2025-04-12T21:16:21.175Z] Action: HOLD
[2025-04-12T21:16:22.318Z] Action: HOLD
[2025-04-12T21:16:23.468Z] Action: HOLD
[2025-04-12T21:16:25.061Z] Action: HOLD
[2025-04-12T21:16:26.210Z] Action: HOLD
[2025-04-12T21:16:27.347Z] Action: HOLD
[2025-04-12T21:16:28.868Z] Action: HOLD
[2025-04-12T21:16:29.986Z] Action: HOLD
[2025-04-12T21:16:31.109Z] Action: HOLD
[2025-04-12T21:16:32.236Z] Action: HOLD
[2025-04-12T21:16:33.390Z] Action: HOLD
[2025-04-12T21:16:34.521Z] Action: HOLD
[2025-04-12T21:16:35.646Z] Action: HOLD
[2025-04-12T21:16:36.786Z] Action: HOLD
[2025-04-12T21:16:37.898Z] Action: HOLD
[2025-04-12T21:16:39.023Z] Action: HOLD
[2025-04-12T21:16:40.133Z] Action: HOLD
[2025-04-12T21:16:41.239Z] Action: HOLD
[2025-04-12T21:16:42.358Z] Action: HOLD
[2025-04-12T21:16:43.511Z] Action: HOLD
[2025-04-12T21:16:44.643Z] Action: HOLD
[2025-04-12T21:16:45.771Z] Action: HOLD
[2025-04-12T21:16:46.894Z] Action: HOLD
[2025-04-12T21:16:48.030Z] Action: HOLD
[2025-04-12T21:16:49.173Z] Action: HOLD
[2025-04-12T21:16:50.292Z] Action: HOLD
[2025-04-12T21:16:51.432Z] Action: HOLD
[2025-04-12T21:16:52.550Z] Action: HOLD
[2025-04-12T21:16:53.677Z] Action: HOLD
[2025-04-12T21:16:54.808Z] Action: HOLD
[2025-04-12T21:16:55.917Z] Action: HOLD
[2025-04-12T21:16:57.040Z] Action: HOLD
[2025-04-12T21:16:58.176Z] Action: HOLD
[2025-04-12T21:16:59.305Z] Action: HOLD
[2025-04-12T21:17:00.442Z] Action: HOLD
[2025-04-12T21:17:01.571Z] Action: HOLD
[2025-04-12T21:17:03.154Z] Action: HOLD
[2025-04-12T21:17:04.304Z] Action: HOLD
[2025-04-12T21:17:05.455Z] Action: HOLD
[2025-04-12T21:17:06.648Z] Action: HOLD
[2025-04-12T21:17:07.792Z] Action: HOLD
[2025-04-12T21:17:08.940Z] Action: HOLD
[2025-04-12T21:17:10.094Z] Action: HOLD
[2025-04-12T21:17:11.226Z] Action: HOLD
[2025-04-12T21:17:12.364Z] Action: HOLD
[2025-04-12T21:17:13.511Z] Action: HOLD
[2025-04-12T21:17:14.656Z] Action: HOLD
[2025-04-12T21:17:15.820Z] Action: HOLD
[2025-04-12T21:17:16.958Z] Action: HOLD
[2025-04-12T21:17:18.098Z] Action: HOLD
[2025-04-12T21:17:19.226Z] Action: HOLD
[2025-04-12T21:17:20.378Z] Action: HOLD
[2025-04-12T21:17:21.538Z] Action: HOLD
[2025-04-12T21:17:22.709Z] Action: HOLD
[2025-04-12T21:17:23.824Z] Action: HOLD
[2025-04-12T21:17:24.948Z] Action: HOLD
[2025-04-12T21:17:26.067Z] Action: HOLD
[2025-04-12T21:17:27.173Z] Action: HOLD
[2025-04-12T21:17:28.292Z] Action: HOLD
[2025-04-12T21:17:29.430Z] Action: HOLD
[2025-04-12T21:17:30.537Z] Action: HOLD
[2025-04-12T21:17:31.656Z] Action: HOLD
[2025-04-12T21:17:32.768Z] Action: HOLD
[2025-04-12T21:17:33.889Z] Action: HOLD
[2025-04-12T21:17:35.015Z] Action: HOLD
[2025-04-12T21:17:36.155Z] Action: HOLD
[2025-04-12T21:17:37.303Z] Action: HOLD
[2025-04-12T21:17:38.457Z] Action: HOLD
[2025-04-12T21:17:39.612Z] Action: HOLD
[2025-04-12T21:17:40.750Z] Action: HOLD
[2025-04-12T21:17:41.904Z] Action: HOLD
[2025-04-12T21:17:43.035Z] Action: HOLD
[2025-04-12T21:17:44.195Z] Action: HOLD
[2025-04-12T21:17:45.332Z] Action: HOLD
[2025-04-12T21:17:46.457Z] Action: HOLD
[2025-04-12T21:17:48.068Z] Action: HOLD
[2025-04-12T21:17:49.210Z] Action: HOLD
[2025-04-12T21:17:50.452Z] Action: HOLD
[2025-04-12T21:17:51.591Z] Action: HOLD
[2025-04-12T21:17:52.765Z] Action: HOLD
[2025-04-12T21:17:53.907Z] Action: HOLD
[2025-04-12T21:17:55.076Z] Action: HOLD
[2025-04-12T21:17:56.223Z] Action: HOLD
[2025-04-12T21:17:57.382Z] Action: HOLD
[2025-04-12T21:17:58.536Z] Action: HOLD
[2025-04-12T21:17:59.673Z] Action: HOLD
[2025-04-12T21:18:01.282Z] Action: HOLD
[2025-04-12T21:18:02.546Z] Action: BUY
[2025-04-12T21:18:03.794Z] Action: BUY
[2025-04-12T21:18:05.117Z] Action: BUY
[2025-04-12T21:18:06.330Z] Action: BUY
[2025-04-12T21:18:07.520Z] Action: BUY
[2025-04-12T21:18:08.726Z] Action: BUY
[2025-04-12T21:18:09.919Z] Action: BUY
[2025-04-12T21:18:11.089Z] Action: BUY
[2025-04-12T21:18:12.292Z] Action: BUY
[2025-04-12T21:18:13.488Z] Action: BUY
[2025-04-12T21:18:15.104Z] Action: BUY
[2025-04-12T21:18:16.309Z] Action: BUY
[2025-04-12T21:18:17.511Z] Action: BUY
[2025-04-12T21:18:18.718Z] Action: BUY
[2025-04-12T21:18:19.907Z] Action: BUY
[2025-04-12T21:18:21.081Z] Action: BUY
[2025-04-12T21:18:22.268Z] Action: BUY
[2025-04-12T21:18:23.448Z] Action: BUY
[2025-04-12T21:18:24.627Z] Action: BUY
[2025-04-12T21:18:25.822Z] Action: BUY
[2025-04-12T21:18:27.023Z] Action: BUY
[2025-04-12T21:18:28.254Z] Action: BUY
[2025-04-12T21:18:29.532Z] Action: BUY
[2025-04-12T21:18:30.748Z] Action: BUY
[2025-04-12T21:18:31.924Z] Action: BUY
[2025-04-12T21:18:33.330Z] Action: BUY
[2025-04-12T21:18:34.537Z] Action: BUY
[2025-04-12T21:18:35.703Z] Action: BUY
[2025-04-12T21:18:36.951Z] Action: BUY
[2025-04-12T21:18:38.160Z] Action: BUY
[2025-04-12T21:18:39.330Z] Action: BUY
[2025-04-12T21:18:40.532Z] Action: BUY
[2025-04-12T21:18:41.705Z] Action: BUY
[2025-04-12T21:18:42.888Z] Action: BUY
[2025-04-12T21:18:44.151Z] Action: BUY
[2025-04-12T21:18:45.444Z] Action: BUY
[2025-04-12T21:18:46.696Z] Action: BUY
[2025-04-12T21:18:47.911Z] Action: BUY
[2025-04-12T21:18:49.146Z] Action: BUY
[2025-04-12T21:18:50.365Z] Action: BUY
[2025-04-12T21:18:51.571Z] Action: BUY
[2025-04-12T21:18:52.775Z] Action: BUY
[2025-04-12T21:18:53.962Z] Action: BUY
[2025-04-12T21:18:55.156Z] Action: BUY
[2025-04-12T21:18:57.005Z] Action: BUY
[2025-04-12T21:18:58.225Z] Action: BUY
[2025-04-12T21:18:59.412Z] Action: BUY
[2025-04-12T21:19:00.603Z] Action: BUY
[2025-04-12T21:19:01.767Z] Action: HOLD
[2025-04-12T21:19:02.920Z] Action: HOLD
[2025-04-12T21:19:04.072Z] Action: HOLD
[2025-04-12T21:19:05.230Z] Action: HOLD
[2025-04-12T21:19:06.377Z] Action: HOLD
[2025-04-12T21:19:07.536Z] Action: HOLD
[2025-04-12T21:19:08.659Z] Action: HOLD
[2025-04-12T21:19:09.812Z] Action: HOLD
[2025-04-12T21:19:10.925Z] Action: HOLD
[2025-04-12T21:19:12.607Z] Action: HOLD
[2025-04-12T21:19:13.757Z] Action: HOLD
[2025-04-12T21:19:15.366Z] Action: HOLD
[2025-04-12T21:19:16.476Z] Action: HOLD
[2025-04-12T21:19:17.591Z] Action: HOLD
[2025-04-12T21:19:18.707Z] Action: HOLD
[2025-04-12T21:19:19.853Z] Action: HOLD
[2025-04-12T21:19:20.972Z] Action: HOLD
[2025-04-12T21:19:22.095Z] Action: HOLD
[2025-04-12T21:19:23.211Z] Action: HOLD
[2025-04-12T21:19:24.573Z] Action: HOLD
[2025-04-12T21:19:25.698Z] Action: HOLD
[2025-04-12T21:19:26.813Z] Action: HOLD
[2025-04-12T21:19:27.968Z] Action: HOLD
[2025-04-12T21:19:29.082Z] Action: HOLD
[2025-04-12T21:19:30.222Z] Action: HOLD
[2025-04-12T21:19:31.368Z] Action: HOLD
[2025-04-12T21:19:32.513Z] Action: HOLD
[2025-04-12T21:19:33.659Z] Action: HOLD
[2025-04-12T21:19:34.790Z] Action: HOLD
[2025-04-12T21:19:35.941Z] Action: HOLD
[2025-04-12T21:19:37.094Z] Action: HOLD
[2025-04-12T21:19:38.257Z] Action: HOLD
[2025-04-12T21:19:39.398Z] Action: HOLD
[2025-04-12T21:19:40.553Z] Action: HOLD
[2025-04-12T21:19:41.697Z] Action: HOLD
[2025-04-12T21:19:42.843Z] Action: HOLD
[2025-04-12T21:19:43.995Z] Action: HOLD
[2025-04-12T21:19:45.144Z] Action: HOLD
[2025-04-12T21:19:46.295Z] Action: HOLD
[2025-04-12T21:19:47.399Z] Action: HOLD
[2025-04-12T21:19:48.952Z] Action: HOLD
[2025-04-12T21:19:50.076Z] Action: HOLD
[2025-04-12T21:19:51.194Z] Action: HOLD
[2025-04-12T21:19:52.332Z] Action: HOLD
[2025-04-12T21:19:53.477Z] Action: HOLD
[2025-04-12T21:19:54.592Z] Action: HOLD
[2025-04-12T21:19:55.712Z] Action: HOLD
[2025-04-12T21:19:56.851Z] Action: HOLD
[2025-04-12T21:19:57.990Z] Action: HOLD
[2025-04-12T21:19:59.139Z] Action: HOLD
[2025-04-12T21:20:00.299Z] Action: HOLD
[2025-04-12T21:20:01.464Z] Action: HOLD
[2025-04-12T21:20:02.606Z] Action: HOLD
[2025-04-12T21:20:03.753Z] Action: HOLD
[2025-04-12T21:20:04.902Z] Action: HOLD
[2025-04-12T21:20:06.064Z] Action: HOLD
[2025-04-12T21:20:07.218Z] Action: HOLD
[2025-04-12T21:20:08.333Z] Action: HOLD
[2025-04-12T21:20:09.457Z] Action: HOLD
[2025-04-12T21:20:10.593Z] Action: HOLD
[2025-04-12T21:20:12.147Z] Action: HOLD
[2025-04-12T21:20:13.261Z] Action: HOLD
[2025-04-12T21:20:14.393Z] Action: HOLD
[2025-04-12T21:20:15.974Z] Action: HOLD
[2025-04-12T21:20:17.087Z] Action: HOLD
[2025-04-12T21:20:18.264Z] Action: HOLD
[2025-04-12T21:20:19.411Z] Action: HOLD
[2025-04-12T21:20:20.540Z] Action: HOLD
[2025-04-12T21:20:21.683Z] Action: HOLD
[2025-04-12T21:20:22.829Z] Action: HOLD
[2025-04-12T21:20:23.966Z] Action: HOLD
[2025-04-12T21:20:25.082Z] Action: HOLD
[2025-04-12T21:20:26.200Z] Action: HOLD
[2025-04-12T21:20:27.336Z] Action: HOLD
[2025-04-12T21:20:28.458Z] Action: HOLD
[2025-04-12T21:20:29.609Z] Action: HOLD
[2025-04-12T21:20:31.144Z] Action: HOLD
[2025-04-12T21:20:32.268Z] Action: HOLD
[2025-04-12T21:20:33.405Z] Action: HOLD
[2025-04-12T21:20:34.553Z] Action: HOLD
[2025-04-12T21:20:36.087Z] Action: HOLD
[2025-04-12T21:20:37.241Z] Action: HOLD
[2025-04-12T21:20:38.394Z] Action: HOLD
[2025-04-12T21:20:39.543Z] Action: HOLD
[2025-04-12T21:20:40.687Z] Action: HOLD
[2025-04-12T21:20:42.308Z] Action: HOLD
[2025-04-12T21:20:43.837Z] Action: HOLD
[2025-04-12T21:20:44.975Z] Action: HOLD
[2025-04-12T21:20:46.109Z] Action: HOLD
[2025-04-12T21:20:47.224Z] Action: HOLD
[2025-04-12T21:20:48.350Z] Action: HOLD
[2025-04-12T21:20:49.468Z] Action: HOLD
[2025-04-12T21:20:50.587Z] Action: HOLD
[2025-04-12T21:20:51.699Z] Action: HOLD
[2025-04-12T21:20:52.809Z] Action: HOLD
[2025-04-12T21:20:53.956Z] Action: HOLD
[2025-04-12T21:20:55.506Z] Action: HOLD
[2025-04-12T21:20:56.630Z] Action: HOLD
[2025-04-12T21:20:57.759Z] Action: HOLD
[2025-04-12T21:20:58.886Z] Action: HOLD
[2025-04-12T21:21:00.010Z] Action: HOLD
[2025-04-12T21:21:01.159Z] Action: HOLD
[2025-04-12T21:21:02.278Z] Action: HOLD
[2025-04-12T21:21:03.420Z] Action: HOLD
[2025-04-12T21:21:04.550Z] Action: HOLD
[2025-04-12T21:21:05.680Z] Action: HOLD
[2025-04-12T21:21:06.825Z] Action: HOLD
[2025-04-12T21:21:07.987Z] Action: HOLD
[2025-04-12T21:21:09.583Z] Action: HOLD
[2025-04-12T21:21:10.714Z] Action: HOLD
[2025-04-12T21:21:11.860Z] Action: HOLD
[2025-04-12T21:21:13.070Z] Action: HOLD
[2025-04-12T21:21:14.211Z] Action: HOLD
[2025-04-12T21:21:15.358Z] Action: HOLD
[2025-04-12T21:21:16.483Z] Action: HOLD
[2025-04-12T21:21:18.024Z] Action: HOLD
[2025-04-12T21:21:19.172Z] Action: HOLD
[2025-04-12T21:21:20.504Z] Action: HOLD
[2025-04-12T21:21:21.647Z] Action: HOLD
[2025-04-12T21:21:22.770Z] Action: HOLD
[2025-04-12T21:21:23.889Z] Action: HOLD
[2025-04-12T21:21:25.024Z] Action: HOLD
[2025-04-12T21:21:26.171Z] Action: HOLD
[2025-04-12T21:21:27.386Z] Action: HOLD
[2025-04-12T21:21:28.536Z] Action: HOLD
[2025-04-12T21:21:29.656Z] Action: HOLD
[2025-04-12T21:21:30.768Z] Action: HOLD
[2025-04-12T21:21:31.897Z] Action: HOLD
[2025-04-12T21:21:33.030Z] Action: HOLD
[2025-04-12T21:21:34.159Z] Action: HOLD
[2025-04-12T21:21:35.274Z] Action: HOLD
[2025-04-12T21:21:36.620Z] Action: HOLD
[2025-04-12T21:21:37.734Z] Action: HOLD
[2025-04-12T21:21:38.849Z] Action: HOLD
[2025-04-12T21:21:39.986Z] Action: HOLD
[2025-04-12T21:21:41.132Z] Action: HOLD
[2025-04-12T21:21:42.248Z] Action: HOLD
[2025-04-12T21:21:43.367Z] Action: HOLD
[2025-04-12T21:21:44.514Z] Action: HOLD
[2025-04-12T21:21:45.638Z] Action: HOLD
[2025-04-12T21:21:46.761Z] Action: HOLD
[2025-04-12T21:21:47.876Z] Action: HOLD
[2025-04-12T21:21:49.019Z] Action: HOLD
[2025-04-12T21:21:50.153Z] Action: HOLD
[2025-04-12T21:21:51.278Z] Action: HOLD
[2025-04-12T21:21:52.404Z] Action: HOLD
[2025-04-12T21:21:53.538Z] Action: HOLD
[2025-04-12T21:21:54.659Z] Action: HOLD
[2025-04-12T21:21:56.460Z] Action: HOLD
[2025-04-12T21:21:57.584Z] Action: HOLD
[2025-04-12T21:21:58.708Z] Action: HOLD
[2025-04-12T21:21:59.857Z] Action: HOLD
[2025-04-12T21:22:00.975Z] Action: HOLD
[2025-04-12T21:22:02.201Z] Action: BUY
[2025-04-12T21:22:03.384Z] Action: BUY
[2025-04-12T21:22:04.593Z] Action: BUY
[2025-04-12T21:22:05.798Z] Action: BUY
[2025-04-12T21:22:07.006Z] Action: BUY
[2025-04-12T21:22:08.192Z] Action: BUY
[2025-04-12T21:22:09.381Z] Action: BUY
[2025-04-12T21:22:10.810Z] Action: BUY
[2025-04-12T21:22:11.982Z] Action: BUY
[2025-04-12T21:22:13.175Z] Action: BUY
[2025-04-12T21:22:14.348Z] Action: BUY
[2025-04-12T21:22:15.517Z] Action: BUY
[2025-04-12T21:22:16.691Z] Action: BUY
[2025-04-12T21:22:17.869Z] Action: BUY
[2025-04-12T21:22:19.054Z] Action: BUY
[2025-04-12T21:22:20.237Z] Action: BUY
[2025-04-12T21:22:21.440Z] Action: BUY
[2025-04-12T21:22:22.617Z] Action: BUY
[2025-04-12T21:22:23.794Z] Action: BUY
[2025-04-12T21:22:24.968Z] Action: BUY
[2025-04-12T21:22:26.178Z] Action: BUY
[2025-04-12T21:22:27.817Z] Action: BUY
[2025-04-12T21:22:29.027Z] Action: BUY
[2025-04-12T21:22:30.234Z] Action: BUY
[2025-04-12T21:22:31.461Z] Action: BUY
[2025-04-12T21:22:32.645Z] Action: BUY
[2025-04-12T21:22:33.881Z] Action: BUY
[2025-04-12T21:22:35.086Z] Action: BUY
[2025-04-12T21:22:36.250Z] Action: BUY
[2025-04-12T21:22:37.970Z] Action: BUY
[2025-04-12T21:22:39.172Z] Action: BUY
[2025-04-12T21:22:40.398Z] Action: BUY
[2025-04-12T21:22:41.563Z] Action: BUY
[2025-04-12T21:22:42.734Z] Action: BUY
[2025-04-12T21:22:43.917Z] Action: BUY
[2025-04-12T21:22:45.117Z] Action: BUY
[2025-04-12T21:22:46.883Z] Action: BUY
[2025-04-12T21:22:48.056Z] Action: BUY
[2025-04-12T21:22:49.219Z] Action: BUY
[2025-04-12T21:22:50.806Z] Action: BUY
[2025-04-12T21:22:51.997Z] Action: BUY
[2025-04-12T21:22:53.212Z] Action: BUY
[2025-04-12T21:22:54.384Z] Action: BUY
[2025-04-12T21:22:55.564Z] Action: BUY
[2025-04-12T21:22:56.762Z] Action: BUY
[2025-04-12T21:22:57.986Z] Action: BUY
[2025-04-12T21:22:59.148Z] Action: BUY
[2025-04-12T21:23:00.322Z] Action: BUY
[2025-04-12T21:23:01.500Z] Action: BUY
[2025-04-12T21:23:02.630Z] Action: HOLD
[2025-04-12T21:23:03.772Z] Action: HOLD
[2025-04-12T21:23:04.899Z] Action: HOLD
[2025-04-12T21:23:06.018Z] Action: HOLD
[2025-04-12T21:23:07.132Z] Action: HOLD
[2025-04-12T21:23:08.251Z] Action: HOLD
[2025-04-12T21:23:09.368Z] Action: HOLD
[2025-04-12T21:23:10.474Z] Action: HOLD
[2025-04-12T21:23:11.841Z] Action: HOLD
[2025-04-12T21:23:12.973Z] Action: HOLD
[2025-04-12T21:23:14.099Z] Action: HOLD
[2025-04-12T21:23:15.219Z] Action: HOLD
[2025-04-12T21:23:16.328Z] Action: HOLD
[2025-04-12T21:23:17.495Z] Action: HOLD
[2025-04-12T21:23:18.628Z] Action: HOLD
[2025-04-12T21:23:19.769Z] Action: HOLD
[2025-04-12T21:23:20.890Z] Action: HOLD
[2025-04-12T21:23:22.006Z] Action: HOLD
[2025-04-12T21:23:23.141Z] Action: HOLD
[2025-04-12T21:23:24.289Z] Action: HOLD
[2025-04-12T21:23:25.477Z] Action: HOLD
[2025-04-12T21:23:26.604Z] Action: HOLD
[2025-04-12T21:23:27.770Z] Action: HOLD
[2025-04-12T21:23:28.881Z] Action: HOLD
[2025-04-12T21:23:30.032Z] Action: HOLD
[2025-04-12T21:23:31.140Z] Action: HOLD
[2025-04-12T21:23:32.473Z] Action: HOLD
[2025-04-12T21:23:33.628Z] Action: HOLD
[2025-04-12T21:23:35.144Z] Action: HOLD
[2025-04-12T21:23:36.259Z] Action: HOLD
[2025-04-12T21:23:37.375Z] Action: HOLD
[2025-04-12T21:23:38.573Z] Action: HOLD
[2025-04-12T21:23:39.696Z] Action: HOLD
[2025-04-12T21:23:40.843Z] Action: HOLD
[2025-04-12T21:23:41.981Z] Action: HOLD
[2025-04-12T21:23:43.165Z] Action: HOLD
[2025-04-12T21:23:44.311Z] Action: HOLD
[2025-04-12T21:23:45.450Z] Action: HOLD
[2025-04-12T21:23:46.615Z] Action: HOLD
[2025-04-12T21:23:47.739Z] Action: HOLD
[2025-04-12T21:23:48.878Z] Action: HOLD
[2025-04-12T21:23:50.051Z] Action: HOLD
[2025-04-12T21:23:51.208Z] Action: HOLD
[2025-04-12T21:23:52.326Z] Action: HOLD
[2025-04-12T21:23:53.446Z] Action: HOLD
[2025-04-12T21:23:54.570Z] Action: HOLD
[2025-04-12T21:23:55.715Z] Action: HOLD
[2025-04-12T21:23:56.824Z] Action: HOLD
[2025-04-12T21:23:57.936Z] Action: HOLD
[2025-04-12T21:23:59.052Z] Action: HOLD
[2025-04-12T21:24:00.610Z] Action: HOLD
[2025-04-12T21:24:01.733Z] Action: HOLD
[2025-04-12T21:24:02.852Z] Action: HOLD
[2025-04-12T21:24:03.978Z] Action: HOLD
[2025-04-12T21:24:05.086Z] Action: HOLD
[2025-04-12T21:24:06.240Z] Action: HOLD
[2025-04-12T21:24:07.363Z] Action: HOLD
[2025-04-12T21:24:08.476Z] Action: HOLD
[2025-04-12T21:24:09.593Z] Action: HOLD
[2025-04-12T21:24:10.719Z] Action: HOLD
[2025-04-12T21:24:11.846Z] Action: HOLD
[2025-04-12T21:24:12.974Z] Action: HOLD
[2025-04-12T21:24:14.088Z] Action: HOLD
[2025-04-12T21:24:15.219Z] Action: HOLD
[2025-04-12T21:24:16.338Z] Action: HOLD
[2025-04-12T21:24:17.444Z] Action: HOLD
[2025-04-12T21:24:18.809Z] Action: HOLD
[2025-04-12T21:24:19.933Z] Action: HOLD
[2025-04-12T21:24:21.042Z] Action: HOLD
[2025-04-12T21:24:22.146Z] Action: HOLD
[2025-04-12T21:24:23.252Z] Action: HOLD
[2025-04-12T21:24:24.377Z] Action: HOLD
[2025-04-12T21:24:25.492Z] Action: HOLD
[2025-04-12T21:24:26.617Z] Action: HOLD
[2025-04-12T21:24:27.746Z] Action: HOLD
[2025-04-12T21:24:28.868Z] Action: HOLD
[2025-04-12T21:24:30.010Z] Action: HOLD
[2025-04-12T21:24:31.154Z] Action: HOLD
[2025-04-12T21:24:32.297Z] Action: HOLD
[2025-04-12T21:24:33.424Z] Action: HOLD
[2025-04-12T21:24:34.527Z] Action: HOLD
[2025-04-12T21:24:35.645Z] Action: HOLD
[2025-04-12T21:24:36.787Z] Action: HOLD
[2025-04-12T21:24:37.912Z] Action: HOLD
[2025-04-12T21:24:39.021Z] Action: HOLD
[2025-04-12T21:24:40.351Z] Action: HOLD
[2025-04-12T21:24:41.471Z] Action: HOLD
[2025-04-12T21:24:42.603Z] Action: HOLD
[2025-04-12T21:24:43.722Z] Action: HOLD
[2025-04-12T21:24:44.852Z] Action: HOLD
[2025-04-12T21:24:45.972Z] Action: HOLD
[2025-04-12T21:24:47.135Z] Action: HOLD
[2025-04-12T21:24:48.254Z] Action: HOLD
[2025-04-12T21:24:49.375Z] Action: HOLD
[2025-04-12T21:24:50.495Z] Action: HOLD
[2025-04-12T21:24:51.605Z] Action: HOLD
[2025-04-12T21:24:52.724Z] Action: HOLD
[2025-04-12T21:24:54.248Z] Action: HOLD
[2025-04-12T21:24:55.378Z] Action: HOLD
[2025-04-12T21:24:56.498Z] Action: HOLD
[2025-04-12T21:24:57.627Z] Action: HOLD
[2025-04-12T21:24:58.750Z] Action: HOLD
[2025-04-12T21:24:59.866Z] Action: HOLD
[2025-04-12T21:25:00.986Z] Action: HOLD
[2025-04-12T21:25:02.112Z] Action: HOLD
[2025-04-12T21:25:03.240Z] Action: HOLD
[2025-04-12T21:25:04.348Z] Action: HOLD
[2025-04-12T21:25:05.487Z] Action: HOLD
[2025-04-12T21:25:06.622Z] Action: HOLD
[2025-04-12T21:25:07.738Z] Action: HOLD
[2025-04-12T21:25:08.871Z] Action: HOLD
[2025-04-12T21:25:10.009Z] Action: HOLD
[2025-04-12T21:25:11.129Z] Action: HOLD
[2025-04-12T21:25:12.238Z] Action: HOLD
[2025-04-12T21:25:13.349Z] Action: HOLD
[2025-04-12T21:25:14.477Z] Action: HOLD
[2025-04-12T21:25:15.650Z] Action: HOLD
[2025-04-12T21:25:16.777Z] Action: HOLD
[2025-04-12T21:25:17.901Z] Action: HOLD
[2025-04-12T21:25:19.030Z] Action: HOLD
[2025-04-12T21:25:20.152Z] Action: HOLD
[2025-04-12T21:25:21.647Z] Action: HOLD
[2025-04-12T21:25:22.775Z] Action: HOLD
[2025-04-12T21:25:23.950Z] Action: HOLD
[2025-04-12T21:25:25.080Z] Action: HOLD
[2025-04-12T21:25:26.233Z] Action: HOLD
[2025-04-12T21:25:27.394Z] Action: HOLD
[2025-04-12T21:25:28.514Z] Action: HOLD
[2025-04-12T21:25:29.629Z] Action: HOLD
[2025-04-12T21:25:30.768Z] Action: HOLD
[2025-04-12T21:25:31.882Z] Action: HOLD
[2025-04-12T21:25:32.998Z] Action: HOLD
[2025-04-12T21:25:34.143Z] Action: HOLD
[2025-04-12T21:25:35.283Z] Action: HOLD
[2025-04-12T21:25:36.391Z] Action: HOLD
[2025-04-12T21:25:37.567Z] Action: HOLD
[2025-04-12T21:25:39.098Z] Action: HOLD
[2025-04-12T21:25:40.226Z] Action: HOLD
[2025-04-12T21:25:41.419Z] Action: HOLD
[2025-04-12T21:25:42.562Z] Action: HOLD
[2025-04-12T21:25:43.680Z] Action: HOLD
[2025-04-12T21:25:45.193Z] Action: HOLD
[2025-04-12T21:25:46.327Z] Action: HOLD
[2025-04-12T21:25:47.459Z] Action: HOLD
[2025-04-12T21:25:49.159Z] Action: HOLD
[2025-04-12T21:25:50.284Z] Action: HOLD
[2025-04-12T21:25:51.431Z] Action: HOLD
[2025-04-12T21:25:52.551Z] Action: HOLD
[2025-04-12T21:25:53.698Z] Action: HOLD
[2025-04-12T21:25:55.231Z] Action: HOLD
[2025-04-12T21:25:56.369Z] Action: HOLD
[2025-04-12T21:25:57.480Z] Action: HOLD
[2025-04-12T21:25:58.621Z] Action: HOLD
[2025-04-12T21:25:59.749Z] Action: HOLD
[2025-04-12T21:26:00.873Z] Action: HOLD
[2025-04-12T21:26:02.050Z] Action: HOLD
[2025-04-12T21:26:03.186Z] Action: HOLD
[2025-04-12T21:26:04.304Z] Action: HOLD
[2025-04-12T21:26:05.423Z] Action: HOLD
[2025-04-12T21:26:06.570Z] Action: HOLD
[2025-04-12T21:26:07.725Z] Action: HOLD
[2025-04-12T21:26:08.857Z] Action: HOLD
[2025-04-12T21:26:09.996Z] Action: HOLD
[2025-04-12T21:26:11.116Z] Action: HOLD
[2025-04-12T21:26:12.220Z] Action: HOLD
[2025-04-12T21:26:13.357Z] Action: HOLD
[2025-04-12T21:26:14.477Z] Action: HOLD
[2025-04-12T21:26:15.589Z] Action: HOLD
[2025-04-12T21:26:17.163Z] Action: HOLD
[2025-04-12T21:26:18.316Z] Action: HOLD
[2025-04-12T21:26:19.468Z] Action: HOLD
[2025-04-12T21:26:20.750Z] Action: HOLD
[2025-04-12T21:26:21.871Z] Action: HOLD
[2025-04-12T21:26:22.986Z] Action: HOLD
[2025-04-12T21:26:24.470Z] Action: HOLD
[2025-04-12T21:26:25.607Z] Action: HOLD
[2025-04-12T21:26:26.719Z] Action: HOLD
[2025-04-12T21:26:27.825Z] Action: HOLD
[2025-04-12T21:26:29.027Z] Action: HOLD
[2025-04-12T21:26:30.223Z] Action: HOLD
[2025-04-12T21:26:31.475Z] Action: HOLD
[2025-04-12T21:26:32.714Z] Action: HOLD
[2025-04-12T21:26:34.036Z] Action: HOLD
[2025-04-12T21:26:35.148Z] Action: HOLD
[2025-04-12T21:26:36.257Z] Action: HOLD
[2025-04-12T21:26:37.395Z] Action: HOLD
[2025-04-12T21:26:38.522Z] Action: HOLD
[2025-04-12T21:26:39.623Z] Action: HOLD
[2025-04-12T21:26:40.774Z] Action: HOLD
[2025-04-12T21:26:41.912Z] Action: HOLD
[2025-04-12T21:26:43.044Z] Action: HOLD
[2025-04-12T21:26:44.218Z] Action: HOLD
[2025-04-12T21:26:45.336Z] Action: HOLD
[2025-04-12T21:26:46.445Z] Action: HOLD
[2025-04-12T21:26:47.582Z] Action: HOLD
[2025-04-12T21:26:48.703Z] Action: HOLD
[2025-04-12T21:26:49.832Z] Action: HOLD
[2025-04-12T21:26:50.954Z] Action: HOLD
[2025-04-12T21:26:52.102Z] Action: HOLD
[2025-04-12T21:26:53.232Z] Action: HOLD
[2025-04-12T21:26:54.354Z] Action: HOLD
[2025-04-12T21:26:55.512Z] Action: HOLD
[2025-04-12T21:26:57.042Z] Action: HOLD
[2025-04-12T21:26:58.557Z] Action: HOLD
[2025-04-12T21:26:59.734Z] Action: HOLD
[2025-04-12T21:27:00.887Z] Action: HOLD
[2025-04-12T21:27:02.374Z] Action: HOLD
[2025-04-12T21:27:03.892Z] Action: HOLD
[2025-04-12T21:27:05.001Z] Action: HOLD
[2025-04-12T21:27:06.123Z] Action: HOLD
[2025-04-12T21:27:07.236Z] Action: HOLD
[2025-04-12T21:27:08.356Z] Action: HOLD
[2025-04-12T21:27:09.708Z] Action: HOLD
[2025-04-12T21:27:10.848Z] Action: HOLD
[2025-04-12T21:27:11.977Z] Action: HOLD
[2025-04-12T21:27:13.102Z] Action: HOLD
[2025-04-12T21:27:14.249Z] Action: HOLD
[2025-04-12T21:27:15.825Z] Action: HOLD
[2025-04-12T21:27:16.997Z] Action: HOLD
[2025-04-12T21:27:18.109Z] Action: HOLD
[2025-04-12T21:27:19.227Z] Action: HOLD
[2025-04-12T21:27:20.366Z] Action: HOLD
[2025-04-12T21:27:21.488Z] Action: HOLD
[2025-04-12T21:27:22.604Z] Action: HOLD
[2025-04-12T21:27:24.079Z] Action: HOLD
[2025-04-12T21:27:25.254Z] Action: HOLD
[2025-04-12T21:27:26.378Z] Action: HOLD
[2025-04-12T21:27:27.860Z] Action: HOLD
[2025-04-12T21:27:28.971Z] Action: HOLD
[2025-04-12T21:27:30.109Z] Action: HOLD
[2025-04-12T21:27:31.241Z] Action: HOLD
[2025-04-12T21:27:32.398Z] Action: HOLD
[2025-04-12T21:27:33.512Z] Action: HOLD
[2025-04-12T21:27:34.654Z] Action: HOLD
[2025-04-12T21:27:35.771Z] Action: HOLD
[2025-04-12T21:27:36.880Z] Action: HOLD
[2025-04-12T21:27:37.993Z] Action: HOLD
[2025-04-12T21:27:39.116Z] Action: HOLD
[2025-04-12T21:27:40.249Z] Action: HOLD
[2025-04-12T21:27:41.371Z] Action: HOLD
[2025-04-12T21:27:42.533Z] Action: HOLD
[2025-04-12T21:27:44.090Z] Action: HOLD
[2025-04-12T21:27:45.239Z] Action: HOLD
[2025-04-12T21:27:46.382Z] Action: HOLD
[2025-04-12T21:27:47.582Z] Action: HOLD
[2025-04-12T21:27:48.737Z] Action: HOLD
[2025-04-12T21:27:50.264Z] Action: HOLD
[2025-04-12T21:27:51.413Z] Action: HOLD
[2025-04-12T21:27:52.533Z] Action: HOLD
[2025-04-12T21:27:53.674Z] Action: HOLD
[2025-04-12T21:27:54.808Z] Action: HOLD
[2025-04-12T21:27:55.953Z] Action: HOLD
[2025-04-12T21:27:57.141Z] Action: HOLD
[2025-04-12T21:27:58.257Z] Action: HOLD
[2025-04-12T21:27:59.425Z] Action: HOLD
[2025-04-12T21:28:00.581Z] Action: HOLD
[2025-04-12T21:28:01.744Z] Action: HOLD
[2025-04-12T21:28:02.888Z] Action: HOLD
[2025-04-12T21:28:04.092Z] Action: HOLD
[2025-04-12T21:28:05.239Z] Action: HOLD
[2025-04-12T21:28:06.455Z] Action: HOLD
[2025-04-12T21:28:07.612Z] Action: HOLD
[2025-04-12T21:28:08.749Z] Action: HOLD
[2025-04-12T21:28:10.368Z] Action: HOLD
[2025-04-12T21:28:11.565Z] Action: HOLD
[2025-04-12T21:28:12.707Z] Action: HOLD
[2025-04-12T21:28:13.841Z] Action: HOLD
[2025-04-12T21:28:15.356Z] Action: HOLD
[2025-04-12T21:28:16.471Z] Action: HOLD
[2025-04-12T21:28:17.597Z] Action: HOLD
[2025-04-12T21:28:18.727Z] Action: HOLD
[2025-04-12T21:28:19.882Z] Action: HOLD
[2025-04-12T21:28:21.009Z] Action: HOLD
[2025-04-12T21:28:22.148Z] Action: HOLD
[2025-04-12T21:28:23.263Z] Action: HOLD
[2025-04-12T21:28:24.536Z] Action: HOLD
[2025-04-12T21:28:26.048Z] Action: HOLD
[2025-04-12T21:28:27.606Z] Action: HOLD
[2025-04-12T21:28:28.708Z] Action: HOLD
[2025-04-12T21:28:29.947Z] Action: HOLD
[2025-04-12T21:28:31.092Z] Action: HOLD
[2025-04-12T21:28:32.225Z] Action: HOLD
[2025-04-12T21:28:33.724Z] Action: HOLD
[2025-04-12T21:28:34.833Z] Action: HOLD
[2025-04-12T21:28:35.937Z] Action: HOLD
[2025-04-12T21:28:37.060Z] Action: HOLD
[2025-04-12T21:28:38.193Z] Action: HOLD
[2025-04-12T21:28:39.302Z] Action: HOLD
[2025-04-12T21:28:40.445Z] Action: HOLD
[2025-04-12T21:28:41.588Z] Action: HOLD
[2025-04-12T21:28:42.740Z] Action: HOLD
[2025-04-12T21:28:44.254Z] Action: HOLD
[2025-04-12T21:28:45.370Z] Action: HOLD
[2025-04-12T21:28:46.509Z] Action: HOLD
[2025-04-12T21:28:47.630Z] Action: HOLD
[2025-04-12T21:28:48.756Z] Action: HOLD
[2025-04-12T21:28:49.883Z] Action: HOLD
[2025-04-12T21:28:50.991Z] Action: HOLD
[2025-04-12T21:28:52.107Z] Action: HOLD
[2025-04-12T21:28:53.222Z] Action: HOLD
[2025-04-12T21:28:54.337Z] Action: HOLD
[2025-04-12T21:28:55.460Z] Action: HOLD
[2025-04-12T21:28:56.605Z] Action: HOLD
[2025-04-12T21:28:57.724Z] Action: HOLD
[2025-04-12T21:28:58.865Z] Action: HOLD
[2025-04-12T21:29:00.368Z] Action: HOLD
[2025-04-12T21:29:01.509Z] Action: HOLD
[2025-04-12T21:29:02.743Z] Action: SELL
[2025-04-12T21:29:03.962Z] Action: SELL
[2025-04-12T21:29:05.128Z] Action: SELL
[2025-04-12T21:29:06.328Z] Action: SELL
[2025-04-12T21:29:07.895Z] Action: SELL
[2025-04-12T21:29:09.065Z] Action: SELL
[2025-04-12T21:29:10.642Z] Action: SELL
[2025-04-12T21:29:11.857Z] Action: SELL
[2025-04-12T21:29:13.429Z] Action: SELL
[2025-04-12T21:29:14.604Z] Action: SELL
[2025-04-12T21:29:15.779Z] Action: SELL
[2025-04-12T21:29:16.954Z] Action: SELL
[2025-04-12T21:29:18.159Z] Action: SELL
[2025-04-12T21:29:19.332Z] Action: SELL
[2025-04-12T21:29:20.502Z] Action: SELL
[2025-04-12T21:29:21.696Z] Action: SELL
[2025-04-12T21:29:22.873Z] Action: SELL
[2025-04-12T21:29:24.048Z] Action: SELL
[2025-04-12T21:29:25.217Z] Action: SELL
[2025-04-12T21:29:26.401Z] Action: SELL
[2025-04-12T21:29:27.585Z] Action: SELL
[2025-04-12T21:29:28.764Z] Action: SELL
[2025-04-12T21:29:29.968Z] Action: SELL
[2025-04-12T21:29:31.138Z] Action: SELL
[2025-04-12T21:29:32.353Z] Action: SELL
[2025-04-12T21:29:33.561Z] Action: SELL
[2025-04-12T21:29:34.907Z] Action: SELL
[2025-04-12T21:29:36.094Z] Action: SELL
[2025-04-12T21:29:37.271Z] Action: SELL
[2025-04-12T21:29:38.459Z] Action: SELL
[2025-04-12T21:29:39.632Z] Action: SELL
[2025-04-12T21:29:40.832Z] Action: SELL
[2025-04-12T21:29:42.044Z] Action: SELL
[2025-04-12T21:29:43.494Z] Action: SELL
[2025-04-12T21:29:44.668Z] Action: SELL
[2025-04-12T21:29:46.144Z] Action: SELL
[2025-04-12T21:29:47.311Z] Action: SELL
[2025-04-12T21:29:48.483Z] Action: SELL
[2025-04-12T21:29:49.729Z] Action: SELL
[2025-04-12T21:29:50.942Z] Action: SELL
[2025-04-12T21:29:52.338Z] Action: SELL
[2025-04-12T21:29:53.535Z] Action: SELL
[2025-04-12T21:29:54.999Z] Action: SELL
[2025-04-12T21:29:56.203Z] Action: SELL
[2025-04-12T21:29:57.481Z] Action: SELL
[2025-04-12T21:29:58.692Z] Action: SELL
[2025-04-12T21:29:59.918Z] Action: SELL
[2025-04-12T21:30:01.113Z] Action: SELL
[2025-04-12T21:30:02.315Z] Action: SELL
[2025-04-12T21:30:03.793Z] Action: HOLD
[2025-04-12T21:30:05.298Z] Action: HOLD
[2025-04-12T21:30:06.409Z] Action: HOLD
[2025-04-12T21:30:07.517Z] Action: HOLD
[2025-04-12T21:30:08.757Z] Action: HOLD
[2025-04-12T21:30:09.910Z] Action: HOLD
[2025-04-12T21:30:11.054Z] Action: HOLD
[2025-04-12T21:30:12.178Z] Action: HOLD
[2025-04-12T21:30:13.305Z] Action: HOLD
[2025-04-12T21:30:14.412Z] Action: HOLD
[2025-04-12T21:30:15.544Z] Action: HOLD
[2025-04-12T21:30:16.659Z] Action: HOLD
[2025-04-12T21:30:17.797Z] Action: HOLD
[2025-04-12T21:30:18.925Z] Action: HOLD
[2025-04-12T21:30:20.065Z] Action: HOLD
[2025-04-12T21:30:21.211Z] Action: HOLD
[2025-04-12T21:30:22.766Z] Action: HOLD
[2025-04-12T21:30:23.881Z] Action: HOLD
[2025-04-12T21:30:25.010Z] Action: HOLD
[2025-04-12T21:30:26.130Z] Action: HOLD
[2025-04-12T21:30:27.635Z] Action: HOLD
[2025-04-12T21:30:28.738Z] Action: HOLD
[2025-04-12T21:30:29.852Z] Action: HOLD
[2025-04-12T21:30:30.976Z] Action: HOLD
[2025-04-12T21:30:32.110Z] Action: HOLD
[2025-04-12T21:30:33.232Z] Action: HOLD
[2025-04-12T21:30:34.844Z] Action: HOLD
[2025-04-12T21:30:35.997Z] Action: HOLD
[2025-04-12T21:30:37.145Z] Action: HOLD
[2025-04-12T21:30:38.287Z] Action: HOLD
[2025-04-12T21:30:39.393Z] Action: HOLD
[2025-04-12T21:30:40.507Z] Action: HOLD
[2025-04-12T21:30:41.629Z] Action: HOLD
[2025-04-12T21:30:42.803Z] Action: HOLD
[2025-04-12T21:30:43.917Z] Action: HOLD
[2025-04-12T21:30:45.020Z] Action: HOLD
[2025-04-12T21:30:46.132Z] Action: HOLD
[2025-04-12T21:30:47.256Z] Action: HOLD
[2025-04-12T21:30:48.656Z] Action: HOLD
[2025-04-12T21:30:49.776Z] Action: HOLD
[2025-04-12T21:30:51.276Z] Action: HOLD
[2025-04-12T21:30:52.386Z] Action: HOLD
[2025-04-12T21:30:53.585Z] Action: HOLD
[2025-04-12T21:30:54.741Z] Action: HOLD
[2025-04-12T21:30:55.861Z] Action: HOLD
[2025-04-12T21:30:56.976Z] Action: HOLD
[2025-04-12T21:30:58.110Z] Action: HOLD
[2025-04-12T21:30:59.223Z] Action: HOLD
[2025-04-12T21:31:00.326Z] Action: HOLD
[2025-04-12T21:31:01.440Z] Action: HOLD
[2025-04-12T21:31:02.551Z] Action: HOLD
[2025-04-12T21:31:03.730Z] Action: HOLD
[2025-04-12T21:31:04.836Z] Action: HOLD
[2025-04-12T21:31:05.948Z] Action: HOLD
[2025-04-12T21:31:07.100Z] Action: HOLD
[2025-04-12T21:31:08.239Z] Action: HOLD
[2025-04-12T21:31:09.365Z] Action: HOLD
[2025-04-12T21:31:10.586Z] Action: HOLD
[2025-04-12T21:31:11.712Z] Action: HOLD
[2025-04-12T21:31:12.875Z] Action: HOLD
[2025-04-12T21:31:14.037Z] Action: HOLD
[2025-04-12T21:31:15.560Z] Action: HOLD
[2025-04-12T21:31:16.802Z] Action: HOLD
[2025-04-12T21:31:17.910Z] Action: HOLD
[2025-04-12T21:31:19.033Z] Action: HOLD
[2025-04-12T21:31:20.139Z] Action: HOLD
[2025-04-12T21:31:21.260Z] Action: HOLD
[2025-04-12T21:31:22.411Z] Action: HOLD
[2025-04-12T21:31:23.533Z] Action: HOLD
[2025-04-12T21:31:24.660Z] Action: HOLD
[2025-04-12T21:31:25.808Z] Action: HOLD
[2025-04-12T21:31:26.975Z] Action: HOLD
[2025-04-12T21:31:28.309Z] Action: HOLD
[2025-04-12T21:31:29.430Z] Action: HOLD
[2025-04-12T21:31:30.942Z] Action: HOLD
[2025-04-12T21:31:32.137Z] Action: HOLD
[2025-04-12T21:31:33.243Z] Action: HOLD
[2025-04-12T21:31:34.372Z] Action: HOLD
[2025-04-12T21:31:35.516Z] Action: HOLD
[2025-04-12T21:31:37.119Z] Action: HOLD
[2025-04-12T21:31:38.261Z] Action: HOLD
[2025-04-12T21:31:39.412Z] Action: HOLD
[2025-04-12T21:31:40.540Z] Action: HOLD
[2025-04-12T21:31:41.654Z] Action: HOLD
[2025-04-12T21:31:43.244Z] Action: HOLD
[2025-04-12T21:31:44.372Z] Action: HOLD
[2025-04-12T21:31:45.512Z] Action: HOLD
[2025-04-12T21:31:46.644Z] Action: HOLD
[2025-04-12T21:31:47.775Z] Action: HOLD
[2025-04-12T21:31:49.142Z] Action: HOLD
[2025-04-12T21:31:50.282Z] Action: HOLD
[2025-04-12T21:31:51.407Z] Action: HOLD
[2025-04-12T21:31:52.558Z] Action: HOLD
[2025-04-12T21:31:53.737Z] Action: HOLD
[2025-04-12T21:31:54.902Z] Action: HOLD
[2025-04-12T21:31:56.025Z] Action: HOLD
[2025-04-12T21:31:57.153Z] Action: HOLD
[2025-04-12T21:31:58.298Z] Action: HOLD
[2025-04-12T21:31:59.424Z] Action: HOLD
[2025-04-12T21:32:00.602Z] Action: HOLD
[2025-04-12T21:32:01.706Z] Action: HOLD
[2025-04-12T21:32:02.839Z] Action: HOLD
[2025-04-12T21:32:04.386Z] Action: HOLD
[2025-04-12T21:32:05.514Z] Action: HOLD
[2025-04-12T21:32:06.626Z] Action: HOLD
[2025-04-12T21:32:07.749Z] Action: HOLD
[2025-04-12T21:32:08.887Z] Action: HOLD
[2025-04-12T21:32:10.023Z] Action: HOLD
[2025-04-12T21:32:11.139Z] Action: HOLD
[2025-04-12T21:32:12.289Z] Action: HOLD
[2025-04-12T21:32:13.443Z] Action: HOLD
[2025-04-12T21:32:14.547Z] Action: HOLD
[2025-04-12T21:32:15.668Z] Action: HOLD
[2025-04-12T21:32:16.781Z] Action: HOLD
[2025-04-12T21:32:18.020Z] Action: HOLD
[2025-04-12T21:32:19.799Z] Action: HOLD
[2025-04-12T21:32:21.039Z] Action: HOLD
[2025-04-12T21:32:22.169Z] Action: HOLD
[2025-04-12T21:32:23.305Z] Action: HOLD
[2025-04-12T21:32:24.455Z] Action: HOLD
[2025-04-12T21:32:25.575Z] Action: HOLD
[2025-04-12T21:32:26.718Z] Action: HOLD
[2025-04-12T21:32:27.851Z] Action: HOLD
[2025-04-12T21:32:28.974Z] Action: HOLD
[2025-04-12T21:32:30.133Z] Action: HOLD
[2025-04-12T21:32:31.242Z] Action: HOLD
[2025-04-12T21:32:32.410Z] Action: HOLD
[2025-04-12T21:32:33.585Z] Action: HOLD
[2025-04-12T21:32:34.701Z] Action: HOLD
[2025-04-12T21:32:35.818Z] Action: HOLD
[2025-04-12T21:32:37.008Z] Action: HOLD
[2025-04-12T21:32:38.197Z] Action: HOLD
[2025-04-12T21:32:39.317Z] Action: HOLD
[2025-04-12T21:32:40.447Z] Action: HOLD
[2025-04-12T21:32:41.581Z] Action: HOLD
[2025-04-12T21:32:42.706Z] Action: HOLD
[2025-04-12T21:32:43.950Z] Action: HOLD
[2025-04-12T21:32:45.074Z] Action: HOLD
[2025-04-12T21:32:46.199Z] Action: HOLD
[2025-04-12T21:32:47.312Z] Action: HOLD
[2025-04-12T21:32:48.516Z] Action: HOLD
[2025-04-12T21:32:49.687Z] Action: HOLD
[2025-04-12T21:32:50.814Z] Action: HOLD
[2025-04-12T21:32:51.926Z] Action: HOLD
[2025-04-12T21:32:53.085Z] Action: HOLD
[2025-04-12T21:32:54.207Z] Action: HOLD
[2025-04-12T21:32:55.321Z] Action: HOLD
[2025-04-12T21:32:56.446Z] Action: HOLD
[2025-04-12T21:32:57.581Z] Action: HOLD
[2025-04-12T21:32:58.704Z] Action: HOLD
[2025-04-12T21:32:59.806Z] Action: HOLD
[2025-04-12T21:33:00.958Z] Action: HOLD
[2025-04-12T21:33:02.075Z] Action: HOLD
[2025-04-12T21:33:03.213Z] Action: HOLD
[2025-04-12T21:33:04.564Z] Action: HOLD
[2025-04-12T21:33:05.711Z] Action: HOLD
[2025-04-12T21:33:06.842Z] Action: HOLD
[2025-04-12T21:33:07.982Z] Action: HOLD
[2025-04-12T21:33:09.124Z] Action: HOLD
[2025-04-12T21:33:10.262Z] Action: HOLD
[2025-04-12T21:33:11.403Z] Action: HOLD
[2025-04-12T21:33:12.965Z] Action: HOLD
[2025-04-12T21:33:14.082Z] Action: HOLD
[2025-04-12T21:33:15.211Z] Action: HOLD
[2025-04-12T21:33:16.343Z] Action: HOLD
[2025-04-12T21:33:17.488Z] Action: HOLD
[2025-04-12T21:33:18.604Z] Action: HOLD
[2025-04-12T21:33:19.714Z] Action: HOLD
[2025-04-12T21:33:20.908Z] Action: HOLD
[2025-04-12T21:33:22.039Z] Action: HOLD
[2025-04-12T21:33:23.143Z] Action: HOLD
[2025-04-12T21:33:24.292Z] Action: HOLD
[2025-04-12T21:33:25.403Z] Action: HOLD
[2025-04-12T21:33:26.536Z] Action: HOLD
[2025-04-12T21:33:27.664Z] Action: HOLD
[2025-04-12T21:33:28.785Z] Action: HOLD
[2025-04-12T21:33:29.895Z] Action: HOLD
[2025-04-12T21:33:31.004Z] Action: HOLD
[2025-04-12T21:33:32.330Z] Action: HOLD
[2025-04-12T21:33:33.460Z] Action: HOLD
[2025-04-12T21:33:34.567Z] Action: HOLD
[2025-04-12T21:33:35.708Z] Action: HOLD
[2025-04-12T21:33:36.815Z] Action: HOLD
[2025-04-12T21:33:37.949Z] Action: HOLD
[2025-04-12T21:33:39.059Z] Action: HOLD
[2025-04-12T21:33:40.161Z] Action: HOLD
[2025-04-12T21:33:41.304Z] Action: HOLD
[2025-04-12T21:33:42.448Z] Action: HOLD
[2025-04-12T21:33:43.695Z] Action: HOLD
[2025-04-12T21:33:44.816Z] Action: HOLD
[2025-04-12T21:33:45.974Z] Action: HOLD
[2025-04-12T21:33:47.163Z] Action: HOLD
[2025-04-12T21:33:48.287Z] Action: HOLD
[2025-04-12T21:33:49.407Z] Action: HOLD
[2025-04-12T21:33:50.643Z] Action: HOLD
[2025-04-12T21:33:51.857Z] Action: HOLD
[2025-04-12T21:33:52.966Z] Action: HOLD
[2025-04-12T21:33:54.888Z] Action: HOLD
[2025-04-12T21:33:56.396Z] Action: HOLD
[2025-04-12T21:33:57.578Z] Action: HOLD
[2025-04-12T21:33:58.703Z] Action: HOLD
[2025-04-12T21:33:59.840Z] Action: HOLD
[2025-04-12T21:34:01.356Z] Action: HOLD
[2025-04-12T21:34:02.529Z] Action: HOLD
[2025-04-12T21:34:03.641Z] Action: HOLD
[2025-04-12T21:34:04.761Z] Action: HOLD
[2025-04-12T21:34:05.913Z] Action: HOLD
[2025-04-12T21:34:07.063Z] Action: HOLD
[2025-04-12T21:34:08.428Z] Action: HOLD
[2025-04-12T21:34:09.534Z] Action: HOLD
[2025-04-12T21:34:10.652Z] Action: HOLD
[2025-04-12T21:34:11.780Z] Action: HOLD
[2025-04-12T21:34:12.935Z] Action: HOLD
[2025-04-12T21:34:14.071Z] Action: HOLD
[2025-04-12T21:34:15.184Z] Action: HOLD
[2025-04-12T21:34:16.313Z] Action: HOLD
[2025-04-12T21:34:17.438Z] Action: HOLD
[2025-04-12T21:34:18.548Z] Action: HOLD
[2025-04-12T21:34:19.676Z] Action: HOLD
[2025-04-12T21:34:20.791Z] Action: HOLD
[2025-04-12T21:34:21.896Z] Action: HOLD
[2025-04-12T21:34:23.072Z] Action: HOLD
[2025-04-12T21:34:24.184Z] Action: HOLD
[2025-04-12T21:34:25.304Z] Action: HOLD
[2025-04-12T21:34:26.440Z] Action: HOLD
[2025-04-12T21:34:27.985Z] Action: HOLD
[2025-04-12T21:34:29.143Z] Action: HOLD
[2025-04-12T21:34:30.353Z] Action: HOLD
[2025-04-12T21:34:31.497Z] Action: HOLD
[2025-04-12T21:34:32.753Z] Action: HOLD
[2025-04-12T21:34:33.899Z] Action: HOLD
[2025-04-12T21:34:35.065Z] Action: HOLD
[2025-04-12T21:34:36.223Z] Action: HOLD
[2025-04-12T21:34:37.351Z] Action: HOLD
[2025-04-12T21:34:38.596Z] Action: HOLD
[2025-04-12T21:34:39.763Z] Action: HOLD
[2025-04-12T21:34:41.119Z] Action: HOLD
[2025-04-12T21:34:42.333Z] Action: HOLD
[2025-04-12T21:34:43.484Z] Action: HOLD
[2025-04-12T21:34:44.603Z] Action: HOLD
[2025-04-12T21:34:45.727Z] Action: HOLD
[2025-04-12T21:34:46.917Z] Action: HOLD
[2025-04-12T21:34:48.048Z] Action: HOLD
[2025-04-12T21:34:49.524Z] Action: HOLD
[2025-04-12T21:34:50.634Z] Action: HOLD
[2025-04-12T21:34:51.840Z] Action: HOLD
[2025-04-12T21:34:52.978Z] Action: HOLD
[2025-04-12T21:34:54.095Z] Action: HOLD
[2025-04-12T21:34:55.258Z] Action: HOLD
[2025-04-12T21:34:56.364Z] Action: HOLD
[2025-04-12T21:34:57.501Z] Action: HOLD
[2025-04-12T21:34:58.635Z] Action: HOLD
[2025-04-12T21:34:59.756Z] Action: HOLD
[2025-04-12T21:35:00.897Z] Action: HOLD
[2025-04-12T21:35:02.040Z] Action: HOLD
[2025-04-12T21:35:03.152Z] Action: HOLD
[2025-04-12T21:35:04.264Z] Action: HOLD
[2025-04-12T21:35:05.398Z] Action: HOLD
[2025-04-12T21:35:06.525Z] Action: HOLD
[2025-04-12T21:35:07.633Z] Action: HOLD
[2025-04-12T21:35:08.776Z] Action: HOLD
[2025-04-12T21:35:09.960Z] Action: HOLD
[2025-04-12T21:35:11.119Z] Action: HOLD
[2025-04-12T21:35:12.233Z] Action: HOLD
[2025-04-12T21:35:13.357Z] Action: HOLD
[2025-04-12T21:35:14.521Z] Action: HOLD
[2025-04-12T21:35:15.727Z] Action: HOLD
[2025-04-12T21:35:16.839Z] Action: HOLD
[2025-04-12T21:35:17.948Z] Action: HOLD
[2025-04-12T21:35:19.070Z] Action: HOLD
[2025-04-12T21:35:20.202Z] Action: HOLD
[2025-04-12T21:35:21.339Z] Action: HOLD
[2025-04-12T21:35:22.452Z] Action: HOLD
[2025-04-12T21:35:23.559Z] Action: HOLD
[2025-04-12T21:35:24.664Z] Action: HOLD
[2025-04-12T21:35:25.783Z] Action: HOLD
[2025-04-12T21:35:26.904Z] Action: HOLD
[2025-04-12T21:35:28.017Z] Action: HOLD
[2025-04-12T21:35:29.134Z] Action: HOLD
[2025-04-12T21:35:30.272Z] Action: HOLD
[2025-04-12T21:35:31.427Z] Action: HOLD
[2025-04-12T21:35:32.629Z] Action: HOLD
[2025-04-12T21:35:33.749Z] Action: HOLD
[2025-04-12T21:35:34.935Z] Action: HOLD
[2025-04-12T21:35:36.103Z] Action: HOLD
[2025-04-12T21:35:37.219Z] Action: HOLD
[2025-04-12T21:35:38.365Z] Action: HOLD
[2025-04-12T21:35:39.558Z] Action: HOLD
[2025-04-12T21:35:40.705Z] Action: HOLD
[2025-04-12T21:35:41.867Z] Action: HOLD
[2025-04-12T21:35:42.991Z] Action: HOLD
[2025-04-12T21:35:44.110Z] Action: HOLD
[2025-04-12T21:35:45.211Z] Action: HOLD
[2025-04-12T21:35:46.379Z] Action: HOLD
[2025-04-12T21:35:47.516Z] Action: HOLD
[2025-04-12T21:35:48.665Z] Action: HOLD
[2025-04-12T21:35:49.800Z] Action: HOLD
[2025-04-12T21:35:50.974Z] Action: HOLD
[2025-04-12T21:35:52.275Z] Action: HOLD
[2025-04-12T21:35:53.379Z] Action: HOLD
[2025-04-12T21:35:54.495Z] Action: HOLD
[2025-04-12T21:35:55.679Z] Action: HOLD
[2025-04-12T21:35:56.797Z] Action: HOLD
[2025-04-12T21:35:57.936Z] Action: HOLD
[2025-04-12T21:35:59.111Z] Action: HOLD
[2025-04-12T21:36:00.229Z] Action: HOLD
[2025-04-12T21:36:01.591Z] Action: HOLD
[2025-04-12T21:36:02.728Z] Action: HOLD
[2025-04-12T21:36:03.845Z] Action: HOLD
[2025-04-12T21:36:05.378Z] Action: HOLD
[2025-04-12T21:36:06.569Z] Action: HOLD
[2025-04-12T21:36:07.760Z] Action: HOLD
[2025-04-12T21:36:08.947Z] Action: HOLD
[2025-04-12T21:36:10.401Z] Action: HOLD
[2025-04-12T21:36:11.526Z] Action: HOLD
[2025-04-12T21:36:12.686Z] Action: HOLD
[2025-04-12T21:36:13.814Z] Action: HOLD
[2025-04-12T21:36:14.960Z] Action: HOLD
[2025-04-12T21:36:16.079Z] Action: HOLD
[2025-04-12T21:36:17.224Z] Action: HOLD
[2025-04-12T21:36:18.350Z] Action: HOLD
[2025-04-12T21:36:19.559Z] Action: HOLD
[2025-04-12T21:36:20.707Z] Action: HOLD
[2025-04-12T21:36:21.854Z] Action: HOLD
[2025-04-12T21:36:23.263Z] Action: HOLD
[2025-04-12T21:36:24.410Z] Action: HOLD
[2025-04-12T21:36:25.538Z] Action: HOLD
[2025-04-12T21:36:26.682Z] Action: HOLD
[2025-04-12T21:36:27.821Z] Action: HOLD
[2025-04-12T21:36:29.364Z] Action: HOLD
[2025-04-12T21:36:30.528Z] Action: HOLD
[2025-04-12T21:36:31.670Z] Action: HOLD
[2025-04-12T21:36:32.787Z] Action: HOLD
[2025-04-12T21:36:33.917Z] Action: HOLD
[2025-04-12T21:36:35.406Z] Action: HOLD
[2025-04-12T21:36:36.579Z] Action: HOLD
[2025-04-12T21:36:37.701Z] Action: HOLD
[2025-04-12T21:36:38.815Z] Action: HOLD
[2025-04-12T21:36:39.931Z] Action: HOLD
[2025-04-12T21:36:41.087Z] Action: HOLD
[2025-04-12T21:36:42.254Z] Action: HOLD
[2025-04-12T21:36:43.498Z] Action: HOLD
[2025-04-12T21:36:44.704Z] Action: HOLD
[2025-04-12T21:36:45.829Z] Action: HOLD
[2025-04-12T21:36:46.997Z] Action: HOLD
[2025-04-12T21:36:48.154Z] Action: HOLD
[2025-04-12T21:36:49.278Z] Action: HOLD
[2025-04-12T21:36:50.402Z] Action: HOLD
[2025-04-12T21:36:51.528Z] Action: HOLD
[2025-04-12T21:36:53.062Z] Action: HOLD
[2025-04-12T21:36:54.228Z] Action: HOLD
[2025-04-12T21:36:55.347Z] Action: HOLD
[2025-04-12T21:36:56.511Z] Action: HOLD
[2025-04-12T21:36:58.050Z] Action: HOLD
[2025-04-12T21:36:59.172Z] Action: HOLD
[2025-04-12T21:37:00.329Z] Action: HOLD
[2025-04-12T21:37:01.513Z] Action: HOLD
[2025-04-12T21:37:03.120Z] Action: HOLD
[2025-04-12T21:37:04.262Z] Action: HOLD
[2025-04-12T21:37:05.426Z] Action: HOLD
[2025-04-12T21:37:06.601Z] Action: HOLD
[2025-04-12T21:37:07.710Z] Action: HOLD
[2025-04-12T21:37:08.813Z] Action: HOLD
[2025-04-12T21:37:09.933Z] Action: HOLD
[2025-04-12T21:37:11.075Z] Action: HOLD
[2025-04-12T21:37:12.210Z] Action: HOLD
[2025-04-12T21:37:13.323Z] Action: HOLD
[2025-04-12T21:37:14.455Z] Action: HOLD
[2025-04-12T21:37:15.560Z] Action: HOLD
[2025-04-12T21:37:16.680Z] Action: HOLD
[2025-04-12T21:37:17.991Z] Action: HOLD
[2025-04-12T21:37:19.123Z] Action: HOLD
[2025-04-12T21:37:20.298Z] Action: HOLD
[2025-04-12T21:37:21.421Z] Action: HOLD
[2025-04-12T21:37:22.551Z] Action: HOLD
[2025-04-12T21:37:23.726Z] Action: HOLD
[2025-04-12T21:37:24.889Z] Action: HOLD
[2025-04-12T21:37:26.142Z] Action: HOLD
[2025-04-12T21:37:27.278Z] Action: HOLD
[2025-04-12T21:37:28.469Z] Action: HOLD
[2025-04-12T21:37:29.602Z] Action: HOLD
[2025-04-12T21:37:30.772Z] Action: HOLD
[2025-04-12T21:37:31.883Z] Action: HOLD
[2025-04-12T21:37:33.008Z] Action: HOLD
[2025-04-12T21:37:34.145Z] Action: HOLD
[2025-04-12T21:37:35.260Z] Action: HOLD
[2025-04-12T21:37:36.472Z] Action: HOLD
[2025-04-12T21:37:37.629Z] Action: HOLD
[2025-04-12T21:37:38.750Z] Action: HOLD
[2025-04-12T21:37:39.881Z] Action: HOLD
[2025-04-12T21:37:41.031Z] Action: HOLD
[2025-04-12T21:37:42.177Z] Action: HOLD
[2025-04-12T21:37:43.322Z] Action: HOLD
[2025-04-12T21:37:44.563Z] Action: HOLD
[2025-04-12T21:37:46.078Z] Action: HOLD
[2025-04-12T21:37:47.271Z] Action: HOLD
[2025-04-12T21:37:48.404Z] Action: HOLD
[2025-04-12T21:37:49.529Z] Action: HOLD
[2025-04-12T21:37:50.648Z] Action: HOLD
[2025-04-12T21:37:51.783Z] Action: HOLD
[2025-04-12T21:37:52.996Z] Action: HOLD
[2025-04-12T21:37:54.108Z] Action: HOLD
[2025-04-12T21:37:55.444Z] Action: HOLD
[2025-04-12T21:37:56.595Z] Action: HOLD
[2025-04-12T21:37:57.763Z] Action: HOLD
[2025-04-12T21:37:58.949Z] Action: HOLD
[2025-04-12T21:38:00.499Z] Action: HOLD
[2025-04-12T21:38:01.710Z] Action: HOLD
[2025-04-12T21:38:02.843Z] Action: HOLD
[2025-04-12T21:38:04.026Z] Action: HOLD
[2025-04-12T21:38:05.170Z] Action: HOLD
[2025-04-12T21:38:06.377Z] Action: HOLD
[2025-04-12T21:38:07.535Z] Action: HOLD
[2025-04-12T21:38:08.683Z] Action: HOLD
[2025-04-12T21:38:09.894Z] Action: HOLD
[2025-04-12T21:38:11.000Z] Action: HOLD
[2025-04-12T21:38:12.123Z] Action: HOLD
[2025-04-12T21:38:13.282Z] Action: HOLD
[2025-04-12T21:38:14.415Z] Action: HOLD
[2025-04-12T21:38:15.595Z] Action: HOLD
[2025-04-12T21:38:16.747Z] Action: HOLD
[2025-04-12T21:38:18.076Z] Action: HOLD
[2025-04-12T21:38:19.246Z] Action: HOLD
[2025-04-12T21:38:20.500Z] Action: HOLD
[2025-04-12T21:38:21.711Z] Action: HOLD
[2025-04-12T21:38:22.828Z] Action: HOLD
[2025-04-12T21:38:23.985Z] Action: HOLD
[2025-04-12T21:38:25.108Z] Action: HOLD
[2025-04-12T21:38:26.249Z] Action: HOLD
[2025-04-12T21:38:27.369Z] Action: HOLD
[2025-04-12T21:38:28.511Z] Action: HOLD
[2025-04-12T21:38:29.642Z] Action: HOLD
[2025-04-12T21:38:30.777Z] Action: HOLD
[2025-04-12T21:38:31.898Z] Action: HOLD
[2025-04-12T21:38:33.036Z] Action: HOLD
[2025-04-12T21:38:34.196Z] Action: HOLD
[2025-04-12T21:38:35.341Z] Action: HOLD
[2025-04-12T21:38:36.524Z] Action: HOLD
[2025-04-12T21:38:37.790Z] Action: HOLD
[2025-04-12T21:38:38.910Z] Action: HOLD
[2025-04-12T21:38:40.072Z] Action: HOLD
[2025-04-12T21:38:41.554Z] Action: HOLD
[2025-04-12T21:38:42.698Z] Action: HOLD
[2025-04-12T21:38:43.832Z] Action: HOLD
[2025-04-12T21:38:44.955Z] Action: HOLD
[2025-04-12T21:38:46.130Z] Action: HOLD
[2025-04-12T21:38:47.322Z] Action: HOLD
[2025-04-12T21:38:48.833Z] Action: HOLD
[2025-04-12T21:38:50.016Z] Action: HOLD
[2025-04-12T21:38:51.157Z] Action: HOLD
[2025-04-12T21:38:52.271Z] Action: HOLD
[2025-04-12T21:38:53.623Z] Action: HOLD
[2025-04-12T21:38:54.753Z] Action: HOLD
[2025-04-12T21:38:55.885Z] Action: HOLD
[2025-04-12T21:38:57.147Z] Action: HOLD
[2025-04-12T21:38:58.312Z] Action: HOLD
[2025-04-12T21:38:59.776Z] Action: HOLD
[2025-04-12T21:39:00.905Z] Action: HOLD
[2025-04-12T21:39:02.197Z] Action: HOLD
[2025-04-12T21:39:03.346Z] Action: HOLD
[2025-04-12T21:39:04.468Z] Action: HOLD
[2025-04-12T21:39:05.646Z] Action: HOLD
[2025-04-12T21:39:06.764Z] Action: HOLD
[2025-04-12T21:39:07.978Z] Action: HOLD
[2025-04-12T21:39:09.107Z] Action: HOLD
[2025-04-12T21:39:10.224Z] Action: HOLD
[2025-04-12T21:39:11.376Z] Action: HOLD
[2025-04-12T21:39:12.510Z] Action: HOLD
[2025-04-12T21:39:13.743Z] Action: HOLD
[2025-04-12T21:39:14.865Z] Action: HOLD
[2025-04-12T21:39:16.009Z] Action: HOLD
[2025-04-12T21:39:17.533Z] Action: HOLD
[2025-04-12T21:39:18.683Z] Action: HOLD
[2025-04-12T21:39:19.898Z] Action: HOLD
[2025-04-12T21:39:21.022Z] Action: HOLD
[2025-04-12T21:39:22.273Z] Action: HOLD
[2025-04-12T21:39:23.393Z] Action: HOLD
[2025-04-12T21:39:24.911Z] Action: HOLD
[2025-04-12T21:39:26.052Z] Action: HOLD
[2025-04-12T21:39:27.177Z] Action: HOLD
[2025-04-12T21:39:28.464Z] Action: HOLD
[2025-04-12T21:39:29.585Z] Action: HOLD
[2025-04-12T21:39:30.733Z] Action: HOLD
[2025-04-12T21:39:31.850Z] Action: HOLD
[2025-04-12T21:39:33.008Z] Action: HOLD
[2025-04-12T21:39:34.129Z] Action: HOLD
[2025-04-12T21:39:35.237Z] Action: HOLD
[2025-04-12T21:39:36.359Z] Action: HOLD
[2025-04-12T21:39:37.516Z] Action: HOLD
[2025-04-12T21:39:38.642Z] Action: HOLD
[2025-04-12T21:39:40.003Z] Action: HOLD
[2025-04-12T21:39:41.546Z] Action: HOLD
[2025-04-12T21:39:42.655Z] Action: HOLD
[2025-04-12T21:39:43.815Z] Action: HOLD
[2025-04-12T21:39:44.963Z] Action: HOLD
[2025-04-12T21:39:46.164Z] Action: HOLD
[2025-04-12T21:39:47.306Z] Action: HOLD
[2025-04-12T21:39:48.428Z] Action: HOLD
[2025-04-12T21:39:49.553Z] Action: HOLD
[2025-04-12T21:39:50.699Z] Action: HOLD
[2025-04-12T21:39:51.839Z] Action: HOLD
[2025-04-12T21:39:52.977Z] Action: HOLD
[2025-04-12T21:39:54.116Z] Action: HOLD
[2025-04-12T21:39:55.245Z] Action: HOLD
[2025-04-12T21:39:56.353Z] Action: HOLD
[2025-04-12T21:39:57.614Z] Action: HOLD
[2025-04-12T21:39:58.726Z] Action: HOLD
[2025-04-12T21:39:59.855Z] Action: HOLD
[2025-04-12T21:40:01.034Z] Action: HOLD
[2025-04-12T21:40:02.169Z] Action: HOLD
[2025-04-12T21:40:03.312Z] Action: HOLD
[2025-04-12T21:40:04.420Z] Action: HOLD
[2025-04-12T21:40:05.623Z] Action: HOLD
[2025-04-12T21:40:06.734Z] Action: HOLD
[2025-04-12T21:40:07.851Z] Action: HOLD
[2025-04-12T21:40:09.390Z] Action: HOLD
[2025-04-12T21:40:10.914Z] Action: HOLD
[2025-04-12T21:40:12.063Z] Action: HOLD
[2025-04-12T21:40:13.171Z] Action: HOLD
[2025-04-12T21:40:14.380Z] Action: HOLD
[2025-04-12T21:40:15.505Z] Action: HOLD
[2025-04-12T21:40:16.698Z] Action: HOLD
[2025-04-12T21:40:17.809Z] Action: HOLD
[2025-04-12T21:40:18.921Z] Action: HOLD
[2025-04-12T21:40:20.041Z] Action: HOLD
[2025-04-12T21:40:21.541Z] Action: HOLD
[2025-04-12T21:40:22.797Z] Action: HOLD
[2025-04-12T21:40:24.016Z] Action: HOLD
[2025-04-12T21:40:25.128Z] Action: HOLD
[2025-04-12T21:40:26.232Z] Action: HOLD
[2025-04-12T21:40:27.343Z] Action: HOLD
[2025-04-12T21:40:28.526Z] Action: HOLD
[2025-04-12T21:40:29.655Z] Action: HOLD
[2025-04-12T21:40:30.784Z] Action: HOLD
[2025-04-12T21:40:31.888Z] Action: HOLD
[2025-04-12T21:40:33.027Z] Action: HOLD
[2025-04-12T21:40:34.533Z] Action: HOLD
[2025-04-12T21:40:35.678Z] Action: HOLD
[2025-04-12T21:40:36.797Z] Action: HOLD
[2025-04-12T21:40:37.912Z] Action: HOLD
[2025-04-12T21:40:39.034Z] Action: HOLD
[2025-04-12T21:40:40.159Z] Action: HOLD
[2025-04-12T21:40:41.288Z] Action: HOLD
[2025-04-12T21:40:42.405Z] Action: HOLD
[2025-04-12T21:40:43.530Z] Action: HOLD
[2025-04-12T21:40:44.661Z] Action: HOLD
[2025-04-12T21:40:45.881Z] Action: HOLD
[2025-04-12T21:40:47.661Z] Action: HOLD
[2025-04-12T21:40:48.791Z] Action: HOLD
[2025-04-12T21:40:49.891Z] Action: HOLD
[2025-04-12T21:40:51.012Z] Action: HOLD
[2025-04-12T21:40:52.144Z] Action: HOLD
[2025-04-12T21:40:53.286Z] Action: HOLD
[2025-04-12T21:40:54.407Z] Action: HOLD
[2025-04-12T21:40:55.527Z] Action: HOLD
[2025-04-12T21:40:56.630Z] Action: HOLD
[2025-04-12T21:40:57.742Z] Action: HOLD
[2025-04-12T21:40:58.963Z] Action: HOLD
[2025-04-12T21:41:00.073Z] Action: HOLD
[2025-04-12T21:41:01.213Z] Action: HOLD
[2025-04-12T21:41:02.743Z] Action: HOLD
[2025-04-12T21:41:03.866Z] Action: HOLD
[2025-04-12T21:41:05.007Z] Action: HOLD
[2025-04-12T21:41:06.112Z] Action: HOLD
[2025-04-12T21:41:07.261Z] Action: HOLD
[2025-04-12T21:41:08.418Z] Action: HOLD
[2025-04-12T21:41:09.555Z] Action: HOLD
[2025-04-12T21:41:10.684Z] Action: HOLD
[2025-04-12T21:41:12.013Z] Action: HOLD
[2025-04-12T21:41:13.144Z] Action: HOLD
[2025-04-12T21:41:14.280Z] Action: HOLD
[2025-04-12T21:41:15.445Z] Action: HOLD
[2025-04-12T21:41:16.566Z] Action: HOLD
[2025-04-12T21:41:17.716Z] Action: HOLD
[2025-04-12T21:41:19.262Z] Action: HOLD
[2025-04-12T21:41:20.410Z] Action: HOLD
[2025-04-12T21:41:21.560Z] Action: HOLD
[2025-04-12T21:41:22.773Z] Action: HOLD
[2025-04-12T21:41:23.927Z] Action: HOLD
[2025-04-12T21:41:25.063Z] Action: HOLD
[2025-04-12T21:41:26.204Z] Action: HOLD
[2025-04-12T21:41:27.314Z] Action: HOLD
[2025-04-12T21:41:28.435Z] Action: HOLD
[2025-04-12T21:41:29.603Z] Action: HOLD
[2025-04-12T21:41:30.745Z] Action: HOLD
[2025-04-12T21:41:31.889Z] Action: HOLD
[2025-04-12T21:41:33.001Z] Action: HOLD
[2025-04-12T21:41:34.116Z] Action: HOLD
[2025-04-12T21:41:35.306Z] Action: HOLD
[2025-04-12T21:41:36.453Z] Action: HOLD
[2025-04-12T21:41:37.585Z] Action: HOLD
[2025-04-12T21:41:38.720Z] Action: HOLD
[2025-04-12T21:41:39.894Z] Action: HOLD
[2025-04-12T21:41:41.055Z] Action: HOLD
[2025-04-12T21:41:42.743Z] Action: HOLD
[2025-04-12T21:41:43.878Z] Action: HOLD
[2025-04-12T21:41:45.059Z] Action: HOLD
[2025-04-12T21:41:46.206Z] Action: HOLD
[2025-04-12T21:41:47.399Z] Action: HOLD
[2025-04-12T21:41:48.548Z] Action: HOLD
[2025-04-12T21:41:49.717Z] Action: HOLD
[2025-04-12T21:41:51.255Z] Action: HOLD
[2025-04-12T21:41:52.458Z] Action: HOLD
[2025-04-12T21:41:53.607Z] Action: HOLD
[2025-04-12T21:41:54.758Z] Action: HOLD
[2025-04-12T21:41:55.964Z] Action: HOLD
[2025-04-12T21:41:57.135Z] Action: HOLD
[2025-04-12T21:41:58.583Z] Action: HOLD
[2025-04-12T21:41:59.899Z] Action: HOLD
[2025-04-12T21:42:01.102Z] Action: HOLD
[2025-04-12T21:42:02.280Z] Action: HOLD
[2025-04-12T21:42:03.440Z] Action: HOLD
[2025-04-12T21:42:04.598Z] Action: HOLD
[2025-04-12T21:42:05.781Z] Action: HOLD
[2025-04-12T21:42:07.011Z] Action: HOLD
[2025-04-12T21:42:08.184Z] Action: HOLD
[2025-04-12T21:42:09.337Z] Action: HOLD
[2025-04-12T21:42:10.500Z] Action: HOLD
[2025-04-12T21:42:12.045Z] Action: HOLD
[2025-04-12T21:42:13.365Z] Action: HOLD
[2025-04-12T21:42:14.517Z] Action: HOLD
[2025-04-12T21:42:16.059Z] Action: HOLD
[2025-04-12T21:42:17.219Z] Action: HOLD
[2025-04-12T21:42:18.474Z] Action: HOLD
[2025-04-12T21:42:19.594Z] Action: HOLD
[2025-04-12T21:42:20.735Z] Action: HOLD
[2025-04-12T21:42:21.871Z] Action: HOLD
[2025-04-12T21:42:22.998Z] Action: HOLD
[2025-04-12T21:42:24.118Z] Action: HOLD
[2025-04-12T21:42:25.240Z] Action: HOLD
